SET @OLD_FOREIGN_KEY_CHECKS=@@FOREIGN_KEY_CHECKS, FOREIGN_KEY_CHECKS=0;
USE spotify;

--
-- Inserting data into table artista
--
INSERT INTO artista(artista_id, nom, imatge_artista) VALUES
(1, 'Craig', x'98A4F593DA8C86813C41BF8A2850DE70CB3D7271E4A3D9636F0339C10703969EAB2523299E02478BDE29A9487B04B81D19064B1250018784B653EF31CC4A6902449D7BD71E7C97E21D2704434CAF088B959D9658F2834F421FF6D608AF63F1D64DB0E44AC08D0B04272C65B1260846F0DA3E042FD4EC388DD843C131701E265E07DD1601AEBFCA55290945698F5AF5B0F559EB740629C5444C9A86CA'),
(2, 'Sean', x'17D369580D7F0931480C8C8090CE7C93F005CE5106CBA61318485B011517CD03BC545606045BC8F01B01B194D387719615F032233D3131DF12DD02C06E18925460284B08834F66FABEF03CDE560B5D9C080B0BFAB3367D629E570C3FA15C28623A6E5A435223584C04DF2288D8064ACCB6F321E82999642A1673C9F7C6B901611F5A054D2D08B7A79FAB9F5B041D980966E283B87D00AF6EE82C3A66046B2C1BDB001272C7DF05AC94A78E3C90ADD9FF496200'),
(3, 'Christie', x'A0062BB76073DEAB25E2428A682083EF1623557DC8BA0C50B55A4A7CAE785EDB663A55D45811A4C7698C053E899BE821444451B10C22632D9B372E4D3FC9CE6363'),
(4, 'Shemeka', x'4B5D5B0888056A29D76A4400975100E5E6FA1AB1046A06CA35B7E30E40344B9303895A06C8AEFAC58DD4184C5FDB5A729156563288FB1A013503E7710534E63587B79E2B12D11DCCC9D34B06BE5E374F4712C5F43275AC8394ED594DAFE0BE292E1B2E8985B24B0B89D68B08751A3174BB71A7EF99BC504C273B1EFD1B7F6396B95B53D6C64562C1E394AB3AD444F409A90F92437700BC6C982D003501017DE8C460E13DB30338'),
(5, 'Leslie', x'BEE4D871ADC457F3AA4D1219053D633D23177991040463C45F369C5FF8D8755B54615938BD9C752BD65385908DC6224EAB53AB000D00215DD99BF1B05D52424D181915BBFA7485FCF2FF3FF57785E44C31098983F0B40C372C7F535518F2194E26'),
(6, 'Steve', x'40E706D01BDB078F3357124C9EDB02312C03088A041560023D460629493B8EE7A8EA41E85558701FBE79BB29CA081BBDF04C0A22148F5DF5537DC4401CA7'),
(7, 'Erasmo', x'088D74E5504DF802042C06111C22A48FB7F9CD04AD3B85A69BF5C49E081490086D143853558835D1D8BEB9E6C7301C194688ED547727074EFC6304C32CF92FC8156CB2F1368423A70CDC59FA8452AAC523BDE858ACAAA230B36F62CCA67666B786BF4F9D311164099EED3D035BBBC5CB159E4D6D0678'),
(8, 'Edwin', x'F13DB6CDC1F85D8E700105F2A616B30B5F275B2D09715B088E51F25B8C449FBB32D138100947462E527EC6179C0B1117D9C46C9E51E8BD025D88CBA4E076306C0D53A786D253DEE37F0D381F29D3C0A309077FE74CC98BB79CE3D445C8CA2BA3C50FB4085EDC0E94B97E080F5895D50225C11BC9E2E22823C33104332DDB78C5FDDD58FC1857015D'),
(9, 'Moses', x'0668E8F0008D000566E26D00B608391DE9D05C1DED75339D0BE147EA4FF6122E081926B3890835D70773D790CF060657F13D524DD8040CE3C7D9A16D020E74817A26C9E6F90041B3B4C049033488616753FBE611BA47C4818C06E248C325F5CE50ADFA052817E80079CA23DAADC309C35D81ACD0EADDE7047897CE475280CBE590'),
(10, 'Clement', x'51010476F0'),
(11, 'Candace', x'047C07FE2A05336B723032608C74DE927576083A25FF68893A1E2912B7FB3AD9B5082DD8339D97769F9B7C0570CBBC987DB583C9764D060036D22D30DC41662F51'),
(12, 'Allen', x'F8F77BEE63EBCD89B090204F9CEFB158E61900A8785D6AE8F0EB0866F6055C6A0C9C800192083509AC9243697C55B5F2ACB1A3899BD9AB7C15573EE19ED7E2AC22245DFB4201BE0134C842BB6396AD'),
(13, 'Kelley', x'7D36EF2CC252A00920CD37EE4407E495B91F'),
(14, 'Terrie', x'B701EFA9443F728FFB8F4A6508510E82C4C6C5323A2B65E5C65B9ACCF9A8F9D2CE046B0BF2E37D1307AA92EF2FEE1D5ADE7AA4C05B0060D61597692350061ABB4DCD8A823E4CD36581C533CAACDEF5C42DD52001'),
(15, 'Porter', x'8E82AF5189E2DB389E0531FD24B3352576A123BD649F93D2879B14145798ABBD4C1156699A4C0850090DA3E7C1A14A35F50825AD2488D0FD7EFB7B066EB897829F7B1CC2EC181B6F6AAFBC632A04A30236301491B32FFBAF81'),
(16, 'Monet', x'06ACF8AE2F4C3E7AA54576D10E1EFB3B910A9E'),
(17, 'Geraldo', x'0E0B059D600CB5C62FAEA3DEBA00353A19FA18317398ED5E46027F4415512D427B0633FC860406EF09FDE9E851A009CBABB3BCFABF71110FB1F34BE3650806C481745899125C0546E862FB091A62E613B8040E171D0322B5FB6C0A11E8AAABD179371924686A0A04697B6D391D3B1B39EECFFF068F94B9CD6D89CF66DB2B247A07ADA4640D'),
(18, 'Dallas', x'2B4E48CE825EA7A9930F064DCFA19DB117E1ECC729CA05574FB8BEA27B2AD951AFA50EDA030A5F4DE35557140712063F69AD5F40AE57785A0F2405BA49FD45EE21DC9D39CE3CF09807EED98501902BB9E598C2B40D338B5BAD90E40AC7F5D509AE8AE70E3D51F7C3D570D7C1C613A20314CF3363AB14BB6FF5DE3EBF5AA00B7908849D010AE9589381A305C9B2792C25C70B5EA3639A532624512028BA76974CBA74E60F205FE5076B7D'),
(19, 'Jacob', x'3700AC43381D80193FD48EC31FDEAC1FCF0E845682733E0079075FEB272F5514207DFEAE8D6703F983072DCCA5013A1AD5C5179926FA075744CD3B83751F5F0737BBD557C4972C33E3FCFB71E08490A5001B77E1F351FCCF05ED94A0244B0F695FA25CF5E9E7A1DEE9AEF3BE0BFEF2EB473327BF7EF5B05F8B18BF52F45806B6B7E74A1940B10701CCDF5544042158A317C9DD278EAD75022706D692060EF7787B332F02701604A37DB0AE37CDB901A4ACD439CB912A'),
(20, 'Barb', x'18C7432A481C675EA48326C31E5E78D4E1658008F9EC1391CCA4D261A52CBFD4FD8FF9621500C6FC81C7090EB9AC4A1195580723038A67A34385C81769232DEA060EE480E4C62DEEC768F050A039B15976C7616D7DECBD46D6B0E35304D52E20518176A237594312DE'),
(21, 'Abigail', x'A5552505708C50019B6CC9C503053CA676A30CD7EBC5A3B8FB012D3332EA0C2DF563CD9634FA283C64071E04355E02D18793AF67A8AE06B5868DFD081BDA4AB09FAE9E91543B792FAC517330EDF99A532C238A8071CC8771F65C11D020B601714C1869CFAF69F1485BA6DD609507AACD255304053C70A39D09B522931D59615C0203C832048B01'),
(22, 'Shan', x'AD0B5F0E4A0802E13D3480D3C11B0A208BA95F4D9DAEB942C7687F7853D43C4577B432CC67E0B817AD0804E5DCA1D0AC196D176E4B6E57B02879B191FD'),
(23, 'Leta', x'5FAB1E0855C2D76078EBF73E04244CE964FD52C800E4D944C4951A38E709A66279D87DE496343C3A6085ACED480005AA253DB15F544327A2BCB58B2C1302371A0D73BB09923E21A14233F09C6EB2610678DD23CFD8BA9EFDA6332849C824B6285DC5206E08FA8D83238F55484A48FE2DDA44F8C5A5DE365421389D05449F24B90B1D22194D00B1495D16133E5D190C94E9B9CD063B'),
(24, 'Korey', x'B087943059B4233C9366BB020301A95AD3F911'),
(25, 'Amiee', x'002DAF49844663065FB2FE6C3CC7050153'),
(26, 'Lucy', x'13D48FD1E070D2E1061610ED4007252E65C64C19860BC5558D3D01848DF00435785B295681064E8F88082F170A053278D325DE746FB4240602E06A87084C4301F6FF6911630912AF9140835A44040628FAEED50E3AA6C007EC40EF96655F371D792C5590B617DCF715D07A0B010E0967D22443A6648FC0D0535CA003DCCCBD2C55A0'),
(27, 'Arron', x'038B37360053FD6072377B3634E1086936F7304F579A2A954409960E'),
(28, 'Dominga', x'2C2F2AA80240A60800DD682C2A1D8C7B8E412DD1099F5AC65B088D7742449398C6E4A4092D0920F3E2A7B2BC483F5334F56DF74EF2C2E108FC350603DA67D17802B5CD9B613D05F68935ADF450334B4105DA864601607810571D1125799AC52B2BA476604E5309463A9CAD447533C836F7875EF43B47FA6B1CEB078CD0096FBB21641D7CFD41287630FECD014C90A4F47D7D'),
(29, 'Dylan', x'8191AD067961F01EA576883F54509B20FD8B09A1CC17'),
(30, 'Johnie', x'FD419412A22E5FFAA1554DC9E90F39666FA72970BC3A3201FFEB3A81965FE6A1AA122133ACAAD5C9C1FA3A33CEEAF92A38'),
(31, 'Adelaide', x'698E66688A08BA8720500009AEC0A4945202754B196DA21E3EB5BF18F382070254AAB26E6D2A4D0839C077794B9ECB0809786606FBE6BEC53D58052E3AC96CB7FEE6030E0CE74EBB52BDB854C50547B16A87971EFCD5E56F8A0207B1EE83EA51A51CB57D84D06C1D212169081E15E95039452558F268E47622A8523C5D98A9C2B1F3'),
(32, 'Emile', x'030704EF27'),
(33, 'Adam', x'36017048EBC6A5F8E6B6A335D3FAAB8AB3132F05FA75D55A599102029502C2E39F0E2CDBCFDCB6B7CC9144034AE803459D26'),
(34, 'Sanjuanita', x'D1'),
(35, 'Hellen', x'06771C082597593045344B3CCC297B52E17C0DC155E7827663403E3D1335F5220C978D6B6502001BC69E0C229CF5D4CBAABABA6133BA8F7FA031B1C9480B00CD16D3E574E74375AE91338F5FC900642C070663DC4B5DCFED7ABE1DB647770B3EF5A41F24373F4DAD08E90C5705327D11F8DC2343CE34B5057EFADA5FE03DD8CDE665E400045673E9E50DFD0A7A02DBC847563C820182848CC54EA054E507'),
(36, 'Ralph', x'5102D68130E948F8D403F56D0D4B2C309CCD0941DDAE5E0624D49406387BD2B4784A5D71CDE202E362353909DDAA1D29E606041EEA3D9A399FB9A2D3A1AE7EF6466B025EB9A12841338E28EE7904069F3BA89A36D83B5E04CF218934785F835844995680C60201D6074B08E862D5CCFD6133337801B1DD7B9245EB23ACFA052BF1A7D45FA4923A086DF9E1B763300BF9F0C5E68CD30E6DE19FAB170A8901913804DCC4393E7B3B404136130532338273C61350FA745AD997E909294181715590'),
(37, 'Rogelio', x'5942F858351D10DD730DF60CA53658ECC50E194DB63ED326B3AF4F4F061F6BD23A19A409F3B99703D19E03AD2608A597A97FEDB010D0A2538A420365404673C647E66245523C8B7AAD37C4D78F32AA22E424F9D95BD30652A10F64E658193CE6'),
(38, 'Adolfo', x'0635088907170B8E9FB96B1087129462BF4D5C444FF1A6FE6D60073763C37C0800072B7095B969302E017107648BFD2F92BAE6000F59096799232546BD14E541526604D6575E334913142007668472CFB8EDFE508450C41F60162A371499C7207143FA547BE3D687D5D5937807D654D39DB85F44801A05FCBE038287091C1806720504567BC6F9B59D'),
(39, 'Alan', x'F51BA122C1228F54DAFE741835BA2A526C0375A4D4081C1B2BAF5ED95E1C32AF1C05257561885493C97FB433D94ED4DE5B737C0AF12244B8880373B14F9A0061DA73600CD736BF485F4630CD69A23F7EB84A2D09381B635ECFAF1D08059D325CE496F08EB9F18296004B2F1ACCB21AB73F328D7C5C07E8420FFA0A442EB81E817F9B95E0B29B2AAD0603DA03E898DB89BDAFB5E40C331EE8254EBF020FC0A93B4505F90500F64EA5067435089C2C09837ED8264BBB6E'),
(40, 'Hyman', x'E966C8043DE0E53546DD44A4CF58D6533A9E04CE16A0CD33EE55E704C84C283DA18FFD72B6C6FEB96A516E2289570631890318EC459BF02BF1027B125B00CC2943057AE622C61100DF5602025D'),
(41, 'Jared', x'CC8DD2024CD2D001D133D9050832EC820D9C142AF8564C86D3BFFF040702A1A9E0BBF804159C023AD574DAB01E73EFD9347294469D9DA30FAA062AD38DF3760F5E85D2A87485AAD1023BB242A2BC03A21745EDB803294F7939073E694F74C20030DA390239FD014D09492A8B4E33F2490D4D800FB379F124D839F5E75311D2EE0E017B67805A120956E6AD87C0FA090662EB286B21DD4A34F11F3555A2FC034A61A37EDB410987288609A3A3D214485B61220E8A0DA4ED3B921418B52B5B22DD2C762B76'),
(42, 'Lavern', x'A5BAD865103CBCE340093033CC4512D6D95FBDCA'),
(43, 'Xavier', x'832A0350FDA80144325808775215B68985F96C250207BD065F07C9EF033E'),
(44, 'Franklin', x'C4049C00CB34C70664CFE52929D4232624AB3B139511B24719725F8B78DF960610F99051651CDAAE0F9E9055D8C0E6B69E4350D7B35A72E0310806300C20CAC33AE2490851DC607931916CF93E0369A9DE042A03AB9D9E4AD64DD7F31305B23FD11F167F99D59CF9099AE69CB7C4F0AE'),
(45, 'Riley', x'CA8999232FA69815BA6E7005EE6F4C06D677B3A0204D07A45E014415BB4031188C7304'),
(46, 'Rudolf', x'A9A5BDD3137F4D9EFDA77DB6E4E3D9DE228D96BEF92D4B4703DECA3A5CB631CC1C0B65326D4A37B115E3377FCC8C07D55007E78123FF8FDBD8DD9751F89D4CBC9BE7C1090976CD488103648BCF3C4CD02E29677F12B734313B37F0098A0A557393891D098620B66E1B24EAA02D618324A7AE74FF3229A184E2581AFFB71B1045FFCE71EF982EF4AA4D6C01CCD9A0EC1A14AE085C3CA59F0101DF00F57D03BC50A7BE3081199F469062B335367288758B94992461185105601EDD09E0'),
(47, 'Coreen', x'C63B615334416E072829024C7D35C0998C017036AC58DCAEB489050807A4227EE182FFFD63AF012486AA64395722C430C17C2BCA999D0090AFA7BD4CD7B73F155B1117317D83D33F7C947E130F1B6A0A5BB946A8C05DD2626E69119E8D346851CFDC5F98BFD8A97060A361C1014EFE447F2E52D94BD85EF1A6E3177E8FBE009090D401AB9EDBA8FE08C5E85A909498275235E35A45C326D6043D2C080BD3253DA7BD3609008D0656CB70A40657E0B85594050740750886EF2E00'),
(48, 'Lindsey', x'0A104F04B9A1C8CF0418089CE9E86D2F173822E773030435C58E6F5E74AAE202E8D37288156D9EDC33EE0405C97B005F6F4E798816353F065101E508610E90EB8ECF0943D432C06626B037035C03FDCB0147C3627DC3BD28BEB4FFA4BC2517093832B1D70561152A4D0693AF9F88C3F8745C05C23A9307EDBF0977D6058BA25A88E909D200265477951BB273DA73604D4C68FD56DF551251E4A24BE10301696608C9C3E992902E0FD6C486CD449E0045087FE7B8EE'),
(49, 'Gia', x'5EF505AE57'),
(50, 'Ben', x'17C42CBD388D02AF048CC99A570190C876358C9447335DD333038B9408BB3546564C6960');

--
-- Inserting data into table paypal
--
INSERT INTO paypal(paypal_id, nom_usuari) VALUES
(1, 'Arthur154'),
(2, 'Alyce59'),
(3, 'Bordelon1966'),
(4, 'Gleason2015'),
(5, 'Britteny278'),
(6, 'Socorro4'),
(7, 'Olen1980'),
(8, 'Malik143'),
(9, 'Takisha2019'),
(10, 'Gerry1977'),
(11, 'Randa14'),
(12, 'Novella6'),
(13, 'Byrnes7'),
(14, 'Audrey671'),
(15, 'Adela2'),
(16, 'Genesis2025'),
(17, 'Agustin3'),
(18, 'Daniell417'),
(19, 'Gayle2014'),
(20, 'Grace12'),
(21, 'Colby523'),
(22, 'Whipple2007'),
(23, 'Delmar634'),
(24, 'Milford4'),
(25, 'Dino9'),
(26, 'Eddie378'),
(27, 'Vince45'),
(28, 'Enda128'),
(29, 'Isbell299'),
(30, 'Rosie1977'),
(31, 'Trice993'),
(32, 'Bratton73'),
(33, 'Kinsey63'),
(34, 'Alayna2020'),
(35, 'Andrew782'),
(36, 'Naranjo926'),
(37, 'Jeanmarie29'),
(38, 'Dugas2011'),
(39, 'Chase1995'),
(40, 'Cleo9'),
(41, 'Abbott1970'),
(42, 'Neely39'),
(43, 'Jospeh1994'),
(44, 'Adelina62'),
(45, 'Rosario19'),
(46, 'Adams2016'),
(47, 'Travis1969'),
(48, 'Kelley2011'),
(49, 'Odis534'),
(50, 'Chance1959');

--
-- Inserting data into table targetes_credit
--
INSERT INTO targetes_credit(cc_id, numero_targeta, caducitat, cvc) VALUES
(1, '3528470714386010', '1972-06-23', '533'),
(2, '4405666734054233', '2020-08-29', '338'),
(3, '6399803525243666', '1998-08-23', '4179'),
(4, '3532286452704303', '1970-03-12', '452'),
(5, '30399736746330', '2020-09-15', '3994'),
(6, '4913200438323523', '1993-11-26', '343'),
(7, '6205846889528713', '1985-07-16', '288'),
(8, '5367675608297110', '2011-12-27', '1561'),
(9, '5447756623097513', '1998-01-10', '178'),
(10, '6269428529804235', '1994-01-23', '213'),
(11, '5219146165834513', '1973-10-04', '413'),
(12, '5231065506885733', '1980-03-01', '3593'),
(13, '5222452308610967', '1982-09-28', '956'),
(14, '3558204192668869', '2007-02-18', '739'),
(15, '3541387623283356', '1989-04-16', '968'),
(16, '370933360487197', '2009-05-17', '947'),
(17, '3545803477787553', '2000-12-20', '187'),
(18, '6393026174265873', '2014-06-09', '586'),
(19, '4844596822376249', '1970-01-02', '861'),
(20, '6383211059561891', '1972-05-23', '8753'),
(21, '6227694543428878', '1970-01-13', '548'),
(22, '4026913787967468', '1996-04-07', '626'),
(23, '6221380461506939', '1997-11-28', '146'),
(24, '3534495418440120', '1970-05-30', '458'),
(25, '5405888409422472', '1970-01-02', '467'),
(26, '3589320067799549', '2010-10-16', '779'),
(27, '6221625438345773', '1982-03-04', '393'),
(28, '6215130628246616', '1987-04-01', '913'),
(29, '373529142392965', '1973-05-04', '6557'),
(30, '4175002158545126', '1989-12-26', '479'),
(31, '5191889635951134', '1985-12-06', '589'),
(32, '5386386805392053', '1996-05-11', '8232'),
(33, '6219049110787406', '1977-10-14', '146'),
(34, '3577655991859420', '1972-01-17', '213'),
(35, '6223207466049854', '1982-07-10', '895'),
(36, '6209347912854479', '1974-07-06', '645'),
(37, '4913927181423890', '1979-09-26', '488'),
(38, '5138654055253403', '1978-03-10', '2911'),
(39, '30126842057868', '1976-12-07', '328'),
(40, '30201426164685', '1991-04-14', '379'),
(41, '39748040445412', '2009-07-28', '215'),
(42, '347589090611835', '2011-10-19', '873'),
(43, '3566470113076694', '2002-11-26', '517'),
(44, '374518322939363', '1983-12-20', '4372'),
(45, '6289373588824953', '2010-05-17', '794'),
(46, '6228803968189746', '1980-08-28', '863'),
(47, '6387452802225071', '1973-02-27', '548'),
(48, '3540753790508282', '1970-01-03', '527'),
(49, '4026021592547218', '1983-03-19', '8621'),
(50, '30506565173085', '1971-11-29', '411');

--
-- Inserting data into table usuaris
--
INSERT INTO usuaris(usuari_id, email, password, username, data_naixament, sexe, pais, codi_postal) VALUES
(1, 'CharmaineZStock@example.com', '9T9S91DY', 'Stock1993', '1971-02-03', 'Masculí', 'Saudi Arabia', '38521'),
(2, 'Ridgeway87@example.com', 'H33H5SH1', 'Kimberely724', '1970-07-13', 'Femení', 'Sierra Leone', '49295'),
(3, 'Tenney195@example.com', '1JB718X7', 'Jamison1985', '1979-09-04', 'Femení', 'Saudi Arabia', '27896'),
(4, 'Goddard15@example.com', '62HN5PF9', 'Allan63', '2010-01-28', 'Masculí', 'Austria', '97970'),
(5, 'Addie.Robles76@example.com', 'T5T2ME38', 'Leigh853', '2014-08-22', 'Femení', 'Spain', '44642'),
(6, 'Baugh18@example.com', 'R42I9778', 'Andrew24', '1971-04-11', 'Masculí', 'Iraq', '38473'),
(7, 'NedaD_Mcqueen915@example.com', 'V3KJ50Y6', 'Hadden1999', '1995-01-09', 'Femení', 'Italy', '02374'),
(8, 'AbernathyC6@nowhere.com', 'H8A336J8', 'Faustino29', '1978-05-16', 'Femení', 'Guyana', '95268'),
(9, 'kbuf6081@nowhere.com', '9WL063P7', 'Alexis176', '1972-09-19', 'Masculí', 'Bangladesh', '99771'),
(10, 'Slyvia.Mcgraw@example.com', '5EQBU83P', 'Derick965', '2012-03-29', 'Femení', 'Singapore', '08278'),
(11, 'JackieFitch@example.com', '1OX64908', 'Daniela4', '1989-10-04', 'Femení', 'Ghana', '04640'),
(12, 'Arnoldo_Aguiar2@example.com', '916S045B', 'Dowd356', '2021-04-08', 'Femení', 'Netherlands', '92533'),
(13, 'CynthiaWSeverson@nowhere.com', '6F29H5WY', 'Alisa1987', '1999-07-04', 'Femení', 'Kuwait', '78809'),
(14, 'Truman_Buckner327@example.com', '77QR4Y66', 'Shaffer1969', '1974-06-24', 'Femení', 'France', '51491'),
(15, 'NildaLand55@example.com', 'OK6QPQ1S', 'Pitts168', '1987-03-19', 'Masculí', 'Pakistan', '12830'),
(16, 'plogr13@example.com', 'V16C6HC3', 'Janene2', '1989-10-22', 'Masculí', 'Afghanistan', '79209'),
(17, 'Oneill@example.com', '8ISAGB6L', 'Branda2013', '2003-04-14', 'Femení', 'Zambia', '29833'),
(18, 'Acker53@nowhere.com', '9SC55LL4', 'Deann1977', '2019-05-15', 'Masculí', 'Australia', '32392'),
(19, 'MichaeleAlbrecht@example.com', '0PNWG15S', 'Jon523', '2007-08-01', 'Femení', 'Colombia', '46670'),
(20, 'Broderick125@example.com', 'R5H0O627', 'Beau676', '1972-04-13', 'Femení', 'Mexico', '13344'),
(21, 'Crouch8@example.com', 'O9L3BYQ6', 'Lakisha1993', '1980-06-26', 'Masculí', 'Namibia', '03599'),
(22, 'Madrid6@example.com', '21RY3RV2', 'Moya393', '1970-01-16', 'Masculí', 'Nicaragua', '37272'),
(23, 'AdelaCatron3@example.com', '8DG83G10', 'Adell2025', '1980-11-17', 'Femení', 'Albania', '09367'),
(24, 'BrainSalter@example.com', '4G7ZV834', 'Holbrook1954', '2012-02-26', 'Masculí', 'Norway', '76503'),
(25, 'Redd@nowhere.com', '4MY2QGRJ', 'Suzy361', '2003-01-29', 'Masculí', 'Iraq', '52918'),
(26, 'Kaplan@example.com', '8B7TI2P9', 'Maurice2017', '1996-05-17', 'Masculí', 'Lithuania', '03448'),
(27, 'Adrien.JAbernathy225@nowhere.com', 'FE00M3A8', 'Martin136', '1999-05-27', 'Masculí', 'Croatia', '01155'),
(28, 'Alger@example.com', 'B540PI33', 'Gurley966', '1970-01-01', 'Femení', 'Colombia', '41453'),
(29, 'AdenaS_Archer@example.com', 'JZ3K4G88', 'Serina1963', '1975-10-03', 'Femení', 'Swaziland', '23246'),
(30, 'AndresE@example.com', '3168HBUN', 'Holiday1953', '1984-04-29', 'Masculí', 'Zambia', '99659'),
(31, 'Melvin_Seymour263@example.com', 'BQYP532Z', 'Davidson2021', '1971-11-17', 'Femení', 'Iceland', '75121'),
(32, 'GailMcculloch869@nowhere.com', 'D7E9K0QV', 'Acker793', '2002-09-03', 'Masculí', 'Hungary', '42915'),
(33, 'Ahrens@example.com', '5S0C13L7', 'Manual1961', '1991-06-22', 'Femení', 'Cyprus', '66423'),
(34, 'Amato32@example.com', 'C5I00Z26', 'Jody24', '1976-04-05', 'Femení', 'Czech Republic', '17984'),
(35, 'Mills@example.com', '0415AZ4U', 'Chas5', '1973-09-30', 'Femení', 'Australia', '54184'),
(36, 'CarlitaRBoyer@example.com', '1IZ1XTGQ', 'Albertine2014', '1992-05-26', 'Femení', 'Spain', '81158'),
(37, 'Arce@nowhere.com', 'O5Q8C4J7', 'Bacon112', '1970-01-09', 'Femení', 'New Zealand', '31892'),
(38, 'AgustinaAgnew@example.com', 'E2F3M941', 'Lorine1962', '1970-12-03', 'Masculí', 'Zambia', '26122'),
(39, 'Jacks@example.com', 'Y9V86B83', 'Gabriel1986', '1996-09-10', 'Femení', 'Brazil', '91180'),
(40, 'AbigailBurchett98@example.com', 'D2T8O06B', 'Amos1985', '1970-01-08', 'Femení', 'Israel', '93858'),
(41, 'NatalieWilmoth@example.com', '133851HU', 'Adrian746', '1973-11-07', 'Femení', 'Sierra Leone', '16195'),
(42, 'PollyChristianson9@example.com', '5JF80578', 'Rosenda299', '1980-06-06', 'Femení', 'Kuwait', '69895'),
(43, 'Flanagan6@example.com', 'K7DLQNI5', 'Marisa2010', '1994-03-20', 'Femení', 'Denmark', '68172'),
(44, 'AlejandroAbrams@example.com', '050RKJ6K', 'Windy2', '1987-10-26', 'Masculí', 'Austria', '38376'),
(45, 'BrittnyStaples@example.com', '7NVRPF08', 'Marcotte8', '2015-12-09', 'Femení', 'Jordan', '29916'),
(46, 'LamontLively24@nowhere.com', 'A2EQL134', 'Lennon1954', '2000-10-24', 'Femení', 'Lebanon', '49326'),
(47, 'Margherita_Cavanaugh251@nowhere.com', '8C3U1847', 'Clemencia2002', '2005-12-05', 'Masculí', 'Cuba', '77463'),
(48, 'Alexis_Dutton@nowhere.com', 'FTAOO8P6', 'Beau1957', '1996-04-16', 'Femení', 'Bulgaria', '19439'),
(49, 'Ainsworth@example.com', 'W8142SQ9', 'Marylin1970', '2003-01-19', 'Femení', 'Malaysia', '98248'),
(50, 'CynthiaL_Adams@example.com', '7H80X247', 'Barksdale2021', '1977-05-13', 'Femení', 'Tunisia', '54313');

--
-- Inserting data into table album
--
INSERT INTO album(album_id, artista_id, titol, any_publicacio, imatge_portada) VALUES
(1, 29, 'Conlifiedgor', '1971-03-09', x'9C4EA08E3B4B3F5E3F04F600FD6B4FF6FD0898469BAE7ADF5F67265EEA'),
(2, 24, 'Projectry', '1975-09-15', x'78C5DAE29C002525962851A1012FEFBFFC55741ACD30D2CA336D920D7E1EF51FE8AE19C504093FE0B9F81F3ED836DB1C505FDCD62E9B77F2511C03F87E96474C4A7326382F8F2511B4C731920662C98A54F4FBD05A3908DF6C9735C0120171A9AC84052AB5286A7A3BED4F581AB1192BE2D29E70A366BAD4E35C56B724AC88CB1ABAA3AAC8FE2458812220C8260906F2CB7234A78653B0F6'),
(3, 26, 'Charcessridge', '2013-06-17', x'530B8315048AEB23C36D3A51F205360300F1089E3F49C13A053BECDD051D80C6F6'),
(4, 2, 'Ancyclfiphone', '1983-06-17', x'9FC4706C074E5704A640481C758D0505326CFA5EB8B804B6005B288295057A6F58F10001CC31E06A55876708635EC6352D79F8047D6114D07417B670AE0AD2F0E2A951962E06244D4C970C95C447'),
(5, 13, 'Transcessletor', '1970-01-17', x'F3609D52DE7AE77308F46270A4BE239DFE095B1B842E3FCB5340F6B5C0B594EC9E05938D379F525316B67DA8C11604F25E058A94DF3377C65554FB0802DEDF4E497A7ACBA4264B9EC5435380055BADAEEEE64A31556CC6646C8584EA94C43722B73704B2720C30A11917CE22C00244C0230FBAD27D3D3665E837788F3C008A9009643C2F05EB32B33F58B79902370BFA2B3ED195572E48B0C7D3305FA666758008'),
(6, 9, 'Confinder', '2005-05-27', x'540608E9663CB668A3ADFD49E99D63290C01D500F58142C2A28D16016A733E026143C0226A35F0609E655A1056BE09954B3955F300F745503F8B61013DD72A49F18484AEF636118EA62351C44363EC89893EBA7E29D9AE0BC2AE48F601CE03238A9801F7E6DB6BC89684BD3F58E1D60A452463EF2B63F62548EB11598EA9AB1CBA7C4AA55BAFABBC5AAD0BD8453EBBF86FF5052899C2C3DED5'),
(7, 31, 'Speakcessfiry', '2014-03-26', x'458B6A5FBF8CC883A1AC4014008F77C9B64C7FCC3B2A4ACE0BD6D2EEC1E204ABEF314EB00705ACC204A5F04DDCE7045D10F95148661304C5AE82E5B8F1D3389C9112E508EE2C9251CA2774A21D91E00AB37549E9382743D0C402'),
(8, 50, 'Transbanderator', '2016-12-16', x'3C31DAAE'),
(9, 6, 'Transculgaentor', '1970-03-05', x'47267991B3437A1FBD5298510624DE8EBC0929737868002991F3A76FD7D7A506073BDC8A02B84756532B76056A62937807B232D6B07B6306B9D4D32D09C18F338C0EC61D093503062D8C8A620A2CDCADD5A277DD00766E00'),
(10, 46, 'Armputplry', '2013-09-06', x'7C02B04418CB8728FBA183F1B92CEB252E6E4212A32AA9F13707BBCCE2B3F1064BF5D622D8F66C6941B5828841C503C4820926CD1209EB633E2546808BEE801C01FF81C42B5DF8168932397DFAA833A3BD18185E0AEC45524C52925B2A2B890671017BB92A0107E724E3A0870A0E64CF05F1526DF954'),
(11, 33, 'Amptecticlet', '1978-01-22', x'07907B033F22063365ADC97F52012D03C86C51E3065438D3E5265568086F12'),
(12, 40, 'Speakholdor', '1970-01-05', x'053BF8FEC67144A36BA10737C1DB89BAEE0096EC460979603FDF056D37880E452809CF207DAE9D04145FDD05AEC7'),
(13, 19, 'Ampmutator', '1975-12-31', x'A206E6FAFD0B729E'),
(14, 44, 'Concordridge', '1970-01-01', x'292A60908B7F0D4254B046E1FC113EA184124D3E635A2C5346AE2E697A2E7E25DC349604E2694961669925B1C941C2CD340898EE08419E5B4E0C0F382F55C6EC02'),
(15, 14, 'Bitecteror', '2021-06-07', x'996B23433E4D05CEF0540D0A17769F6D0F1CBC0267FC26E43F51FD52DD3E9D4F94B8CD623C70DC1BA0085D'),
(16, 25, 'Chartinar', '1980-02-29', x'025B099F61AE08C0AA758305A83529319E0F460DF49AF1BDFDB8335D02008CDB56D270F082BA6A592816B9AEA3DB4FDE05401E1904D5000569D64D277D12554D0C148136A601DF14DCB7F6C8D13D00848CF4CA8B2DA324B900B07409E0E7C3C968DC02539E0418B20982DB780AB70623AA716BA55CBC6F59961294300F8C9C6F069971BA5B43DA27343EEEE500F87F5BBC05355A5FDC6C50F71FF1CD8ED703A8E090594206650169E089C45C888A08190810733E270540DB467C47F49BE662820BBE27'),
(17, 20, 'Suplictry', '1978-09-27', x'01109FBED99C56E27475D8652ED26EEBFF6AA20FD826156552C2EDA6A5A3136AA4FA0804060FD90815CB2A0516D4A6E2021C69B0D3EA80073D995AAA9A32EB9DBCA92FFFA1A02B1333D0042DEA01A2AACFC0DE6B0D18E1CB0B2A0938245119DA8AB09B24B648FA8D31EC006B0539F9B839B5AC2DF6E566EB6DD12E030B610C4A1BC7666B003A02C2551064CED624669BC6D58BBEC21EC99901CD11F4297A405DCE246BC7B56D8659F0D2011A'),
(18, 36, 'Cleantinupon', '1972-07-30', x'0790B9152B4BFEC0CB2C4C1963E503CD5044AFEFCC3D54F90072069B33FB86D64F4634B833093FA2965BD31C8CBF474CB65B09672F5CFB2BA258B7FABEF42E1F4B9586248617E7F11F6731F8C3EA21263340D02ED68913FD61646553F65FE88A50A8A9'),
(19, 16, 'Biplottra', '1988-01-25', x'6F75EC1B3C370809080C3BAD4AA01EB5BB5A3AF825E9EC08B28CC87E2B3479DE55D78D00C540CA6BD9EA8CCE0C7B475D08'),
(20, 16, 'Tweetceiventor', '1970-03-24', x'D49954C692FE282E087D052EEBC44D0470F2387C6B067FCBF487FEA9A1F673084BE50712009BFBC507CF877AC1A96B6A401CC54DAD0492E21F4FC6A403527B005C6C3740FD27C809016EEA8B7F7940199BCE65C5A341DD01D30619D0AD2B1048B5260A76298DBD0BB2F78007250E97A0B78A418AEE5CDF79CF864D3D5092E81093164DFB7C2B390D7C71F2540785E8EAA4659D41ECB09346A7414CD6E751CE9B61592E01FC28BA86031E'),
(21, 4, 'Rewoofridge', '2021-07-24', x'1B9EBDC445A74A18050A77F502BA3B2F637324475C10B68F3B6A2A6100198832A811DEAB4C4F2A555A2E6DC6C79C91A100EFE656619400FA3620BD8590C32D851D61633F6EA6491347C4980C0277B60754AC140599F19EF1439BD72500AD02191E07E500FC21ECC087B529A611C8A07BA435E0A83C751EB306ECB4BB4B0F166223655905E9878093E604AA740B775BD66776B2B913616323AD000B4AED00C6D24CB10B83A75EBE5D701506C2819D4AF3CFF0BA9B8B32D7ACAB707EE03D84E90E03D2092B'),
(22, 29, 'Tablescope', '1994-02-19', x'DDDFD4D41E2B4B02A20803'),
(23, 33, 'Biwoofewer', '2012-08-23', x'58'),
(24, 10, 'Conwoofor', '2005-12-20', x'0968E46B3701F015B62E472D4A'),
(25, 30, 'Comfindar', '1970-11-09', x'DEE48061DCC5F37F1449D139FF8C2FC1E2A326EB2EF5BF004DA4B764ED2A353221604E94DC816E5A3B83CD09BE06D602151E438FE5A663D6FF447AD0727230755009245DCB9A4C540566E321B23FC19641B3A3601B531D18D4D639A66CCC70031347822F69B8295BB9CFA35E1177438163E738695C174F148508271BD7985263434AC93865594C293EB15C93B3507162348F125E003847D6A4EC5CE8D92E6301CD3F2D5EEA789F9086A205025604B9286FEF1A11191341165298C76C'),
(26, 38, 'Readleer', '1971-11-06', x'C21D01A2FED905D21F0802D6BEDAF54095772F4BD086CB151A0DA97FBAF0618F3ED8DA0E591431044369705BE7D0C894E8258ADEEF425EFEDD7FDE7C88F189C21A3FE400DAE476EDA55938451704688C77749A8547174421DDCBCD2F9A4C1736063181176384D009952C74350B3434184A540802272FF6193DB2C584A9550733180449C80991087AD8564503'),
(27, 34, 'Speaklictollor', '1994-09-26', x'AD01059C049A4ECEE56F66E8'),
(28, 9, 'Chartectplentor', '1970-03-29', x'08A8FA3C2A197B5DEF7DCAA5F0E046E7CCDA527ABEEF4C32268A3DFF6B03F046170B7454CC4AB20B868129A400DDEAB29D78D0EF378006E1481838045BFA875DA0D3354E89906B7928E42E031068864BF82FCADF620A044C36295E4760CA8E05AC2A869E22EB50A90D29480908DD16FF4AB16B130AD99A0112833BA208C616C608090218A1FFBD86A93606A42FDC1D13BC081850C1435B199FC19DF6463145FD569693A69105D7EE9997'),
(29, 13, 'Tabcyclar', '1998-08-13', x'9D1E90047590E4417D0F9516A205A87E0698E3BA1105CB02B61E63300C6BC4A764BE6D50650705397AF2C3592AD2D5AC35C7F084016B4B859C2129054031B4220349BA5FC547F238023417309E9817949CDC2118'),
(30, 7, 'Micniupor', '1970-04-08', x'FC0FED868C82DD450189440A70A9110123EF4FEB68A505839F25A9E5E542DADAEAA1A303FEB203D0072A0901AD6F683F3422D204B1F6E0AB220025BC4AE5BE676BA38F06E3791BD7DC8AE69A6D4A43BD34A6513C7F95E117B245621AC0C999D892CB3700E736CDA004FFA2CCC2C8EF027C94556A6F0FEE5C69397206D5A6B5E931E08C47AA8C0300EB69C0A4A9BE9461643776BA652EDDA083DA05C3020239E1FC3CC60AA18D491A0D0805471C7FFC020234'),
(31, 23, 'Monjectscope', '1977-06-02', x'3FF4B921065C82FA'),
(32, 30, 'Procordfier', '2009-03-31', x'43F9B4273B813BE00132605A52598BA7DEF8A9C43B4DFF539182D74C6CB40C970215EF2841D6524D356482AF5C35625E90074D4D86FA7290770303967552DFD018FAAC3B7A0B3DCE5706C3667E6F57218868B0450562F1E508C7F1FC7CA72F104B0E4ACD1E069A2972EC100C82397B24BE650358BCC02A72C35E974B26F9EA30F008436F17A076F7B9E2C5590B74FF7FB1A1043CA965CCA60353A60C80037B41C70C120F0E58093424EB7F515308E207A685E34FCCBB55D454108C00F66607BA941F8E8701'),
(33, 25, 'Tabmuticer', '1971-12-05', x'F52C318DE90FF4636579C67865320E7E05D712228BA38F2D7EF0618D69B308EF9C4D1F09D988275604138F4B285C5D854458FC45522A6ACE86693ED3CA307EB7BF1146039C70ED932E1E4413B00ED77BF10207331818EDCC05B4513902B471312659224F2600EE7848972B8D05723437487B078008B7DC090C5DF4A443A10A9962B5488F363E006F7F68DE240D33DB5E2E1B990585966C042896023D07A588068F5319531FBA9D66EE'),
(34, 46, 'Micfindepator', '1979-11-27', x'CCA2235D5AD9B11FDA7EA0F65CF09AC8606D397E621D497DBCB37E07D94943FEB5DA018017F7BBC9078705C44E0268C07EB6776032EF0E08B7542E0C412F0690383BA6DB8A9A834362091F678A9E7C1C53DBB134CACCB679F107E57E50DA0F00A4C00A6E67DDDE1F35592C'),
(35, 41, 'Continry', '1989-05-21', x'66BA603AA5F223FD93F5547A230B21D0E3'),
(36, 40, 'Cabjectgaer', '2006-05-28', x'584BEA5A0908820531D258D70411615E3DC91B19FC02008F67'),
(37, 15, 'Tecycledger', '2013-07-30', x'5F04046DCAB1'),
(38, 22, 'Speaklictphone', '2005-04-06', x'EEDFA2E868F70551E8040300E411F46209310702B8F0860B0710E89C27DD094D2905F1477C420861C2AA7A35070331DF7339095C986242DB3105BA22DAFFA442DDD652409731EB5888EF17B56A81FF0A5A8427DB76479A8C605D1E635666DC5DF59EF550F802995091B5311015FD208BE46A3A92ED608E2C8801D9DE2927157E9C63B4C5AE068721B78E42DF054F74D074730AB92F'),
(39, 4, 'Armputry', '1976-12-30', x'AF6F18E66303D716309949FC83EA14941225E83F3EE26D27DF0342C57E5166EA199301004CDD9681097BBA60CB6D0AEDF49EEFB36A25'),
(40, 3, 'Cabholdor', '1973-04-11', x'11D260BB6C752B65D908EA90A4B339AE2381A941F68BDF797FFEA340C628AD092AE451E20289020412000FABBFE96D66261B19FBD3ABD350386C0727AB054E5E0FD51913BFC8C1FB7E796500C34947961F1142EE2D29BE7F08991732B0E5112F7EA7D418076D4752729F607E9B98182EA3E529DA9CA8F8BA04728CB6DEDF13C64AA4D6F81063C1317B444ED11B4ACD79'),
(41, 23, 'Speakputscope', '2017-07-26', x'C00E6284CE71950F4D40F0EE02215DF63F967AF8013043E96E0874B7B5A82FFA09ADCB87122792A69B654FD361E387BC71'),
(42, 29, 'Tabtaupator', '1978-11-18', x'FB2B0C44075169F35108481BE3EB90AE6305F58B056EF01F1028631E04F14982F40B822078383A9C1F045CA59943067F6BE0030E2C45F715B64E562AFEED06CD451D235F395FE1C0630403F93A6E31E20B857418855C9B54A7797D3D098B2218EF40A6C307B22B679812A3F8C7'),
(43, 32, 'Monfindor', '1981-01-25', x'B53DDC4A1E1282458799CAD05FFB3BC909EAC2088EE915C4580ED9F32F7FACD8F380C820347C43877C0274C15C10D0AA08AA47AAEDDD297501AEC16EBFCCDD02498DB4997747BA93D5C77AD602162A1905047F9ECA2D201823A30FAD6E06C73FF10909C25C5478E125EE68041F9D03712CE1FD01F2B1B77C190A40DD32F3ED6DA2F8EDE17BBB8A7869E777AC100A12CCCD0803341DE2C32A59E8730BD89F5155DA671657BFC9FB088D0E'),
(44, 22, 'Monoceivaquon', '2017-01-07', x'023D2F07E6540AD781788EAE0C2712051E923BFEB015C97DCA30C369B998BA3302DB9B79177007205915F3AA05E03A3A4EBD5C14BCAC0507D7C2CB0547B9B94CC60E17BD01AEE735E54D1FD130BF380B2845FDAD499DE2'),
(45, 9, 'Bitinlet', '1970-05-22', x'FF1ADB94'),
(46, 34, 'Cleantectoner', '2013-08-21', x'2831760925A3F4C4056E786EF9A24E4EAC6AB1F2DA03080204D7E2095808D1088706787822ADEA082D7817672497B41DDC22AEF7BC170DE6CD28F295008E215609286302E20723696B6FD44523BCF0CC0E645DFA165E48F4893138737C001487BAE079E9B59013051F140528D2DEACE91DB84655ECC2CA00277CBC11211D1614F24EB6790C2A693C1B0E1FEE0BB389F63DBC'),
(47, 32, 'Cableor', '2006-02-20', x'A003FA582905EA350889F374F320159A47EE145E0F0D739D'),
(48, 6, 'Playcyclon', '2018-02-24', x'1FBE38FE1854CE559D894BCB45A13C593ED97286090448CB509EBB526B404699CDF10D9C8A20565AE235CF1AB449E885A0C080C72CD144050D547BFB2393AF65676FBC669403660273ADEC524E323D155F2305072529F57E5FF6CA9BEEA443092A43091D08FC4AD5'),
(49, 22, 'Printceivanphone', '2012-08-03', x'CD01649C06820193015C011404849BF1E9721B0122D9903A96982BD28F5FBC7231FE0A8B062DBD68A65C0802536200A1090317F7137D078C19F254242304CA1FCE397A31EC5DEDF80D44774CCA236703EE5921EC1B6C060F3FA44001FE589EF170079DAE6284A6B83D2C'),
(50, 29, 'Comtopridge', '1997-02-22', x'0219B44E069A20E74970F7C0D60D9F58F2A5C2169BF20106EF5345C35B463321D3517C5F643B2E338DD1BAE4AF06B3D8A92254B576200183F31C1412FE2A50C95742044902994105EBD92A7C010009E1008F056D1586007152B05D165BD1B51D85076A4D9C3F9F490242B93CCD083E78D19C104940C2442C00B2DEF15ABB08A006621C');

--
-- Inserting data into table pagaments
--
INSERT INTO pagaments(order_id, data_pagament, total, cc_id, paypal_id) VALUES
(1, '1970-01-01 00:00:02', 17.14, NULL, 35),
(2, '2021-01-15 00:15:33', 14.72, 1, NULL),
(3, '1989-11-20 10:56:30', 10.59, 46, NULL),
(4, '1970-01-01 01:40:13', 15.46, 11, NULL),
(5, '1970-01-01 00:00:04', 13.8, NULL, 2),
(6, '1977-09-04 19:59:40', 16.46, NULL, 10),
(7, '1985-02-08 07:41:13', 13.17, 20, NULL),
(8, '2013-10-28 09:13:18', 14.17, NULL, 15),
(9, '2017-11-18 07:19:58', 17.17, NULL, 1),
(10, '1995-04-29 08:29:38', 15.45, 32, NULL),
(11, '1970-01-01 00:09:49', 20, 10, NULL),
(12, '1996-03-22 21:54:56', 20, 16, NULL),
(13, '1970-01-01 00:00:58', 10.4, NULL, 5),
(14, '2009-12-03 10:55:00', 12.94, NULL, 10),
(15, '1999-06-10 00:27:09', 15.92, NULL, 42),
(16, '1970-01-01 00:13:13', 16.65, 13, NULL),
(17, '1970-01-01 02:23:33', 11.16, 43, NULL),
(18, '1977-04-23 01:14:07', 19.81, 8, NULL),
(19, '1994-12-19 14:00:15', 10.76, NULL, 25),
(20, '1977-02-13 09:20:23', 16.08, NULL, 29),
(21, '1970-01-01 00:16:33', 17.33, 13, NULL),
(22, '1970-01-01 02:07:36', 16.77, NULL, 13),
(23, '1976-06-10 17:03:39', 15.59, NULL, 20),
(24, '1970-01-01 00:00:08', 20, NULL, 3),
(25, '2014-11-23 00:42:02', 15.42, 10, NULL),
(26, '1982-09-14 02:36:03', 12.94, 3, NULL),
(27, '2008-05-05 08:20:21', 18.75, 6, NULL),
(28, '1991-07-04 20:29:15', 15.94, NULL, 45),
(29, '1991-06-24 12:55:53', 16.95, 28, NULL),
(30, '2020-09-11 03:17:29', 14.64, NULL, 46),
(31, '1970-01-01 00:00:01', 10.48, NULL, 14),
(32, '1970-01-01 00:01:40', 15.21, NULL, 39),
(33, '2008-06-25 11:25:14', 12.12, 10, NULL),
(34, '1970-01-01 00:00:40', 17.12, 8, NULL),
(35, '1981-05-31 05:50:54', 17.46, 26, NULL),
(36, '1970-01-01 00:06:37', 20, NULL, 11),
(37, '1984-10-02 22:43:03', 13.49, 5, NULL),
(38, '2016-02-14 03:19:13', 15.68, NULL, 40),
(39, '2020-06-01 19:45:26', 16.44, 18, NULL),
(40, '1970-01-01 00:00:10', 15.63, 6, NULL),
(41, '1986-07-16 00:34:04', 11.56, NULL, 49),
(42, '2002-12-17 01:54:29', 19.22, 26, NULL),
(43, '2014-03-27 02:53:46', 17.71, 42, NULL),
(44, '1970-01-01 00:01:21', 10.13, NULL, 24),
(45, '1978-12-28 06:32:49', 16.77, 7, NULL),
(46, '1970-01-01 00:01:44', 16.37, 18, NULL),
(47, '1970-01-01 00:05:01', 11.67, NULL, 11),
(48, '1970-01-01 00:00:07', 15.75, NULL, 5),
(49, '2002-04-21 12:36:19', 15.43, NULL, 36),
(50, '1974-08-25 14:08:06', 17.43, 14, NULL);

--
-- Inserting data into table playlists_actives
--
INSERT INTO playlists_actives(playlist_id, usuari_id, titol, nombre_de_cancons, data_creacio) VALUES
(1, 22, 'Comwoofer', 432, '1994-02-20 00:45:31'),
(2, 44, 'Stereoholdinon', 2783, '1983-04-15 18:01:09'),
(3, 25, 'Procordry', 5880, '1970-01-01 00:00:07'),
(4, 22, 'Tepickator', 9679, '1980-06-15 08:24:39'),
(5, 46, 'Tabjectentor', 7049, '1971-07-05 14:13:32'),
(9, 8, 'Mictectonlet', 63, '1980-07-26 00:42:41'),
(10, 42, 'Playcyclscope', 5062, '2021-07-02 18:52:30'),
(11, 20, 'Cabcordexor', 9905, '1997-01-15 16:14:44'),
(12, 7, 'Comlictador', 4, '1970-01-01 00:00:10'),
(13, 44, 'Anfindar', 6620, '1970-01-01 00:04:59'),
(14, 46, 'Subtellscope', 0, '2019-03-20 11:33:56'),
(15, 13, 'Comtopor', 5969, '1986-09-22 20:38:00'),
(16, 20, 'Playbandentor', 5533, '2016-02-06 02:36:39'),
(17, 46, 'Playcesser', 7072, '1974-06-17 09:10:04'),
(18, 12, 'Tabbander', 941, '2019-11-15 16:39:36'),
(19, 46, 'Speaktellopor', 7473, '1970-01-01 00:00:07'),
(20, 31, 'Cartmuter', 82, '2016-07-25 17:10:44'),
(21, 43, 'Transculinar', 3035, '1972-01-02 02:43:49'),
(22, 37, 'Contopor', 9718, '1970-01-01 00:43:36'),
(23, 37, 'Comtoponer', 5151, '2012-07-30 06:05:25'),
(24, 23, 'Cleanfindepra', 4235, '2003-02-19 08:15:24'),
(25, 31, 'Monopicker', 312, '1983-06-06 15:32:01'),
(26, 10, 'Tweetcycler', 4996, '1990-06-14 18:40:52'),
(27, 9, 'Carttaentor', 5898, '2018-06-06 19:36:23'),
(28, 32, 'Monopickgaor', 87, '1981-10-03 10:43:23'),
(29, 15, 'Transculicscope', 6602, '2014-01-22 20:24:24'),
(30, 37, 'Stereotiner', 97, '2019-07-02 07:08:07'),
(31, 7, 'Sublictfier', 5848, '1992-11-27 17:45:43'),
(32, 32, 'Cabholdor', 8890, '1970-01-01 00:55:30'),
(33, 19, 'Armtinor', 4304, '2008-02-12 05:54:16'),
(34, 24, 'Tweetceivedgator', 3617, '2014-06-11 01:30:36'),
(35, 37, 'Tetinedscope', 4723, '2005-05-16 13:33:54'),
(40, 34, 'Mictaimer', 3355, '2008-10-25 06:59:23'),
(41, 15, 'Proholdar', 7109, '1988-06-24 19:00:48'),
(42, 5, 'Subpicker', 2061, '1970-01-01 00:00:08'),
(43, 1, 'Supceivepor', 5956, '1977-10-04 16:14:02'),
(44, 50, 'Tabcycladra', 1255, '2012-09-21 21:58:21'),
(45, 23, 'Printculinor', 141, '1986-06-11 06:08:53'),
(46, 12, 'Tabceivewator', 3946, '1970-01-01 00:01:32'),
(47, 39, 'Cartniaqura', 8375, '2011-01-27 01:51:23'),
(48, 40, 'Tabcordaquer', 9182, '1975-04-04 13:57:34'),
(49, 3, 'Montinphone', 6963, '1976-07-17 14:58:16'),
(50, 20, 'Tabmutepor', 9914, '1970-08-19 16:34:05');

--
-- Inserting data into table playlists_esborrades
--
INSERT INTO playlists_esborrades(playlist_id, usuari_id, titol, nombre_de_cancons, data_creacio) VALUES
(6, 7, 'Recessar', 5976, '1997-09-23 21:08:26'),
(7, 29, 'Subjectridge', 236, '1970-01-01 00:13:22'),
(8, 47, 'Printbandleter', 5518, '1980-10-12 13:54:41'),
(36, 8, 'Anplottletar', 8401, '2006-06-29 21:35:09'),
(37, 1, 'Comlifiar', 8945, '1973-05-03 13:08:16'),
(38, 47, 'Tabcordfier', 9273, '1982-02-18 22:25:31'),
(39, 17, 'Repickry', 1108, '2016-05-04 03:56:34');

--
-- Inserting data into table usuaris_premium
--
INSERT INTO usuaris_premium(usuari_id, estat) VALUES
(48, 'expirat'),
(46, 'actiu'),
(49, 'actiu'),
(43, 'expirat'),
(15, 'actiu'),
(21, 'expirat'),
(16, 'expirat'),
(50, 'expirat'),
(9, 'expirat'),
(38, 'expirat'),
(44, 'expirat'),
(39, 'actiu'),
(22, 'expirat'),
(4, 'expirat'),
(47, 'actiu'),
(30, 'actiu'),
(45, 'actiu'),
(17, 'expirat'),
(10, 'expirat'),
(5, 'expirat'),
(12, 'expirat'),
(25, 'expirat'),
(11, 'expirat'),
(6, 'actiu'),
(31, 'expirat'),
(1, 'actiu'),
(34, 'expirat'),
(18, 'expirat'),
(7, 'expirat'),
(40, 'expirat'),
(26, 'expirat'),
(2, 'actiu'),
(35, 'expirat'),
(41, 'expirat'),
(13, 'expirat'),
(19, 'actiu'),
(36, 'actiu'),
(8, 'actiu'),
(42, 'actiu'),
(37, 'expirat'),
(32, 'expirat'),
(27, 'expirat'),
(33, 'expirat'),
(3, 'expirat'),
(14, 'actiu'),
(28, 'actiu'),
(23, 'actiu'),
(20, 'expirat'),
(29, 'expirat'),
(24, 'actiu');

--
-- Inserting data into table cancons
--
INSERT INTO cancons(canco_id, album_id, titol, duracio_en_milisegons, vegades_reproduida) VALUES
(1, 46, 'Venlatracose', 786909589, 70330032),
(2, 44, 'Acotaphane', 2002132970, 1),
(3, 26, 'Xylobutamvant', 1861167928, 3268),
(4, 33, 'Medifatex', 61343334, 12436816),
(5, 28, 'Alfinaxol', 240603275, 93077828),
(6, 5, 'Etothromytex', 2001619505, 453),
(7, 23, 'Lefusilnal', 566, 5607),
(8, 35, 'Acafacept', 914, 20854179),
(9, 46, 'Virosoproban', 1430824819, 18166545),
(10, 32, 'Ipronicin', 326084741, 1475594),
(11, 39, 'Duranide', 1703893333, 2),
(12, 13, 'Aproconpren', 30, 4596342),
(13, 8, 'Mecozobid', 1927879293, 7113686),
(14, 28, 'Hibisivir', 1041994510, 6728852),
(15, 7, 'Acypatriol', 13, 75808429),
(16, 23, 'Acacarpambid', 1223939909, 68072903),
(17, 47, 'Infatafast', 649819336, 9367471),
(18, 26, 'Medrotatex', 399119761, 84164781),
(19, 32, 'Irihydrovase', 5, 10),
(20, 38, 'Gynolonmuc', 273442628, 69867465),
(21, 49, 'Gababutamlat', 8175, 80120335),
(22, 28, 'Lyocarpamvant', 3433, 5),
(23, 37, 'Carviperafen', 101406049, 987),
(24, 13, 'Melilonnide', 646, 71633149),
(25, 32, 'Osatamtex', 1312270489, 704),
(26, 25, 'Venlatraban', 1383439791, 47750341),
(27, 49, 'Aprosisol', 1852132948, 585),
(28, 6, 'Famocurvant', 1829579489, 63876081),
(29, 4, 'Rythmoclovant', 1309311205, 30451590),
(30, 6, 'Tamopuritex', 2058877438, 91296639),
(31, 20, 'Irecarpamdex', 1434184530, 26378667),
(32, 1, 'Baylondine', 622, 88452684),
(33, 44, 'Mecosondene', 1630174647, 83001573),
(34, 12, 'Meligone', 74128586, 16131157),
(35, 4, 'Acispodex', 1940739157, 80),
(36, 37, 'Aprocurcose', 4, 46845509),
(37, 45, 'Decosihex', 280981849, 52974394),
(38, 4, 'Acipurine', 97, 5),
(39, 31, 'Epiperavex', 2008006903, 9),
(40, 20, 'Polinapex', 1844363780, 30582870),
(41, 44, 'Dermodrobid', 57, 74615537),
(42, 1, 'Adelcarpamdine', 3087, 62090389),
(43, 27, 'Indanivir', 53, 76764779),
(44, 40, 'Actinite', 382, 17880454),
(45, 37, 'Irethromyhex', 243, 3114),
(46, 31, 'Irecurtec', 211866600, 10922919),
(47, 25, 'Aprohydronon', 2082589260, 84369011),
(48, 14, 'Aprooxeban', 747401059, 94897643),
(49, 36, 'Ofloperinal', 4301723, 35979114),
(50, 12, 'Acosilnon', 1520593014, 14134372);

--
-- Inserting data into table albums_favorits
--
INSERT INTO albums_favorits(usuari_id, album_id) VALUES
(8, 14),
(17, 46),
(19, 2),
(35, 11),
(15, 4),
(40, 43),
(2, 25),
(39, 42),
(44, 19),
(14, 47),
(47, 32),
(45, 28),
(1, 18),
(23, 15),
(36, 39),
(34, 37),
(29, 27),
(10, 41),
(7, 36),
(42, 49),
(21, 40),
(5, 22),
(3, 26),
(18, 7),
(50, 6),
(12, 44),
(37, 8),
(43, 45),
(20, 3),
(48, 23),
(32, 13),
(22, 48),
(4, 10),
(11, 17),
(9, 9),
(30, 29),
(13, 33),
(41, 20),
(27, 31),
(25, 24),
(26, 30),
(24, 34),
(16, 35),
(46, 38),
(38, 21),
(6, 12),
(31, 16),
(33, 50),
(49, 1),
(28, 5);

--
-- Inserting data into table artistes_relacionats
--
INSERT INTO artistes_relacionats(artista_id, relacionat_amb_artista_id) VALUES
(13, 35),
(39, 6),
(2, 25),
(38, 18),
(26, 25),
(20, 4),
(1, 31),
(19, 2),
(18, 42),
(25, 42),
(24, 21),
(8, 13),
(37, 27),
(40, 49),
(3, 32),
(14, 24),
(16, 9),
(42, 1),
(28, 15),
(46, 13),
(32, 21),
(5, 7),
(7, 24),
(30, 49),
(44, 1),
(45, 28),
(31, 23),
(27, 34),
(35, 21),
(22, 27),
(43, 3),
(29, 18),
(4, 3),
(11, 23),
(49, 36),
(41, 35),
(48, 39),
(34, 9),
(23, 14),
(10, 22),
(6, 43),
(9, 48),
(33, 28),
(15, 48),
(36, 23),
(12, 43),
(17, 18),
(50, 12),
(21, 1),
(47, 32);

--
-- Inserting data into table cancons_favorites
--
INSERT INTO cancons_favorites(usuari_id, canco_id) VALUES
(12, 21),
(46, 48),
(4, 7),
(47, 11),
(6, 42),
(38, 16),
(32, 15),
(37, 44),
(42, 32),
(19, 41),
(34, 28),
(40, 17),
(17, 14),
(13, 23),
(23, 40),
(43, 39),
(3, 29),
(2, 19),
(36, 26),
(29, 35),
(1, 30),
(16, 10),
(49, 46),
(28, 34),
(45, 22),
(18, 33),
(10, 24),
(20, 8),
(14, 12),
(35, 2),
(26, 20),
(48, 6),
(24, 13),
(22, 38),
(5, 18),
(15, 3),
(9, 1),
(39, 49),
(50, 50),
(7, 9),
(31, 25),
(11, 36),
(21, 37),
(33, 45),
(30, 4),
(41, 31),
(25, 43),
(44, 5),
(8, 27),
(27, 47);

--
-- Inserting data into table playlist_compartides
--
INSERT INTO playlist_compartides(playlist_id, added_by_usuari_id, added_canco_id, added_date) VALUES
(33, 44, 18, '1996-08-17 23:50:07'),
(18, 29, 32, '1984-10-15 09:43:40'),
(40, 4, 37, '1976-03-24 22:11:15'),
(15, 8, 21, '1970-02-15 04:52:44'),
(28, 23, 3, '2002-03-01 21:59:14'),
(6, 10, 17, '1970-01-01 00:42:09'),
(39, 44, 43, '2003-02-28 00:44:46'),
(27, 6, 7, '2004-01-28 16:05:04'),
(49, 42, 11, '1976-10-01 00:40:31'),
(37, 16, 12, '2000-04-08 16:21:55'),
(20, 27, 21, '1970-01-01 00:00:05'),
(3, 6, 18, '2011-08-22 12:43:48'),
(7, 38, 45, '2015-02-01 15:45:45'),
(38, 29, 9, '2011-03-24 04:15:54'),
(41, 5, 39, '1970-01-01 00:03:03'),
(13, 43, 50, '1975-12-05 13:06:38'),
(15, 40, 42, '1970-01-01 00:09:26'),
(24, 4, 22, '1974-11-11 04:57:59'),
(28, 42, 41, '1973-10-25 21:31:40'),
(18, 43, 27, '1970-01-01 00:49:10'),
(6, 5, 17, '1986-09-06 19:11:05'),
(16, 14, 14, '1970-01-01 00:00:10'),
(31, 1, 16, '1970-01-01 00:00:24'),
(20, 1, 14, '1992-02-25 14:32:31'),
(29, 37, 24, '2020-02-16 23:40:26'),
(47, 33, 24, '2017-11-21 19:22:12'),
(17, 46, 11, '2009-08-11 21:10:25'),
(42, 19, 46, '1999-09-28 03:02:42'),
(1, 4, 1, '1978-10-08 23:07:05'),
(37, 23, 31, '1970-01-01 00:01:22'),
(19, 37, 33, '2000-04-20 19:09:55'),
(6, 12, 12, '1970-01-01 00:10:28'),
(27, 50, 9, '1985-12-22 02:51:54'),
(36, 19, 20, '1970-01-01 01:48:41'),
(21, 36, 30, '1992-11-26 15:39:54'),
(46, 35, 8, '1977-09-01 13:57:46'),
(21, 35, 16, '1987-07-15 22:01:02'),
(35, 6, 24, '1970-01-06 14:16:27'),
(40, 1, 7, '2011-09-24 15:13:23'),
(1, 16, 26, '2017-01-12 16:39:28'),
(24, 31, 18, '1970-01-01 00:12:49'),
(17, 2, 38, '1998-09-23 17:40:19'),
(36, 4, 33, '1973-02-18 07:06:35'),
(25, 10, 24, '2019-05-18 00:07:43'),
(11, 43, 36, '1970-01-01 00:08:18'),
(35, 5, 19, '1986-03-25 00:34:28'),
(44, 47, 41, '1970-01-01 00:01:34'),
(50, 49, 20, '1970-01-01 01:08:03'),
(43, 37, 18, '1970-01-01 02:12:08'),
(36, 35, 23, '2012-03-23 22:04:35');

--
-- Inserting data into table playlist_items
--
INSERT INTO playlist_items(playlist_id, canco_id) VALUES
(36, 5),
(1, 38),
(29, 20),
(49, 6),
(31, 35),
(43, 25),
(22, 42),
(42, 11),
(17, 10),
(46, 45),
(45, 19),
(24, 47),
(21, 29),
(23, 27),
(7, 2),
(37, 30),
(48, 39),
(20, 12),
(16, 24),
(18, 15),
(26, 8),
(40, 28),
(47, 1),
(12, 14),
(27, 26),
(33, 44),
(30, 21),
(34, 3),
(13, 40),
(2, 34),
(41, 4),
(5, 37),
(32, 46),
(10, 23),
(8, 48),
(3, 49),
(39, 7),
(28, 13),
(50, 31),
(19, 41),
(35, 9),
(25, 16),
(9, 22),
(11, 43),
(14, 33),
(15, 36),
(4, 17),
(38, 50),
(6, 32),
(44, 18);

--
-- Inserting data into table suscripcions
--
INSERT INTO suscripcions(usuari_id, order_id, data_inici, data_renovacio, forma_pagament) VALUES
(15, 27, '2009-08-13', '1992-08-30', 'PayPal'),
(30, 39, '1971-11-23', '2000-10-20', 'PayPal'),
(4, 6, '2019-02-11', '1993-11-01', 'PayPal'),
(17, 9, '2014-10-10', '1972-04-28', 'Targeta de crèdit'),
(26, 36, '1990-04-23', '2007-09-05', 'PayPal'),
(5, 32, '2016-03-29', '1970-04-23', 'PayPal'),
(11, 26, '2009-06-06', '1972-11-06', 'Targeta de crèdit'),
(42, 40, '1970-01-09', '2007-06-06', 'PayPal'),
(18, 25, '1971-09-15', '1973-08-07', 'PayPal'),
(45, 5, '2009-05-13', '1991-04-20', 'Targeta de crèdit'),
(22, 18, '1972-01-30', '1972-08-30', 'PayPal'),
(23, 35, '1980-09-03', '1976-12-30', 'PayPal'),
(28, 21, '2000-01-07', '1990-11-25', 'Targeta de crèdit'),
(13, 3, '1986-11-09', '1971-10-20', 'PayPal'),
(19, 4, '1971-07-27', '2006-09-22', 'PayPal'),
(19, 44, '2008-06-07', '1971-11-20', 'Targeta de crèdit'),
(19, 36, '2009-11-01', '1972-06-07', 'PayPal'),
(2, 42, '1976-07-25', '2020-12-03', 'Targeta de crèdit'),
(33, 39, '2004-10-05', '1978-06-30', 'Targeta de crèdit'),
(44, 29, '1995-01-20', '1989-07-22', 'PayPal'),
(38, 44, '2007-05-20', '1981-05-29', 'PayPal'),
(13, 13, '1987-06-13', '1985-04-27', 'Targeta de crèdit'),
(32, 31, '1972-08-18', '2017-02-03', 'PayPal'),
(16, 32, '1987-10-16', '1984-08-28', 'PayPal'),
(14, 2, '2002-05-19', '1979-12-28', 'PayPal'),
(35, 5, '1979-11-21', '1988-09-08', 'Targeta de crèdit'),
(29, 42, '2015-01-23', '1983-08-23', 'PayPal'),
(47, 40, '2004-03-01', '1970-03-09', 'PayPal'),
(9, 20, '1980-01-07', '1970-01-04', 'PayPal'),
(24, 10, '1977-07-05', '1978-08-19', 'PayPal'),
(28, 18, '1971-03-12', '1992-08-04', 'PayPal'),
(5, 27, '1983-12-26', '1976-03-18', 'PayPal'),
(36, 4, '2005-06-14', '1970-04-05', 'PayPal'),
(10, 18, '1973-11-22', '1970-11-27', 'PayPal'),
(43, 47, '2011-07-29', '1998-01-10', 'PayPal'),
(25, 36, '2015-10-31', '1992-09-29', 'PayPal'),
(1, 31, '1987-01-22', '2017-11-08', 'PayPal'),
(21, 10, '2012-10-17', '2009-01-13', 'PayPal'),
(12, 2, '2000-11-22', '1972-08-02', 'PayPal'),
(36, 43, '1971-01-08', '1970-12-24', 'PayPal'),
(16, 48, '2017-10-25', '1994-07-14', 'PayPal'),
(42, 20, '2020-04-09', '1987-04-18', 'PayPal'),
(4, 27, '2001-06-30', '1971-03-13', 'Targeta de crèdit'),
(50, 10, '1977-08-13', '1990-01-07', 'PayPal'),
(50, 1, '1970-02-07', '1970-03-25', 'PayPal'),
(30, 20, '1998-02-16', '2008-12-20', 'Targeta de crèdit'),
(28, 6, '1970-02-17', '1971-02-20', 'PayPal'),
(48, 30, '1970-06-18', '1970-03-14', 'PayPal'),
(41, 12, '1989-02-14', '1994-01-17', 'Targeta de crèdit'),
(11, 2, '1971-08-21', '1974-01-02', 'PayPal');

--
-- Inserting data into table usuari_seguin_artista
--
INSERT INTO usuari_seguin_artista(usuari_id, artista_id) VALUES
(27, 3),
(10, 25),
(29, 26),
(46, 39),
(2, 5),
(28, 4),
(26, 13),
(33, 19),
(32, 8),
(34, 16),
(15, 47),
(38, 48),
(25, 18),
(6, 10),
(22, 32),
(42, 9),
(21, 45),
(30, 28),
(9, 7),
(44, 36),
(45, 46),
(36, 23),
(5, 15),
(1, 35),
(14, 20),
(11, 49),
(47, 42),
(12, 43),
(40, 37),
(39, 21),
(31, 2),
(37, 50),
(8, 17),
(13, 12),
(7, 22),
(18, 11),
(16, 41),
(20, 31),
(50, 24),
(35, 6),
(19, 44),
(17, 27),
(48, 33),
(43, 34),
(41, 1),
(3, 29),
(24, 38),
(23, 30),
(49, 40),
(4, 14);

SET FOREIGN_KEY_CHECKS=@OLD_FOREIGN_KEY_CHECKS;