SET @OLD_FOREIGN_KEY_CHECKS=@@FOREIGN_KEY_CHECKS, FOREIGN_KEY_CHECKS=0;
USE optica;

--
-- Inserting data into table clients_adreca
--
INSERT INTO clients_adreca(client_id, carrer, numero, pis, porta, ciutat, codi_postal, pais) VALUES
(1, '23-47 Highgate Road', '73', '2', '8c', 'Ipswich', '31862', 'Afghanistan'),
(2, '4-9 Berne Road', '99', '1', '3e', 'Manchester', '30090', 'Luxembourg'),
(3, '9 Lexington Street', '26', '2', '8d', 'Kingston upon Hull', '13550', 'Canada'),
(4, '5-8 Roupell Street', '98', '3', '3d', 'Newcastle upon Tyne', '80185', 'Botswana'),
(5, '4 A-C Churchill Avenue', '85', '5', '9e', 'Dudley', '70235', 'Luxembourg'),
(6, '27 A-E Magdalen Street', '91', '3', '3a', 'West Bromwich', '25376', 'Guyana'),
(7, '32-38 Lewisham Way', '35', '6', '8e', 'Walsall', '54030', 'Mongolia'),
(8, '1 Chatham Street', '63', '6', '6b', 'Wolverhampton', '58852', 'Korea'),
(9, '1-8 Abbey Mews', '14', '8', '6e', 'Bournemouth', '26634', 'Kuwait'),
(10, '2-9 Fulham Road', '52', '4', '3d', 'Leeds', '42721', 'Tunisia'),
(11, '5-8 Abbey Road', '22', '6', '3e', 'Plymouth', '68440', 'Jordan'),
(12, '1 Vorley Road', '49', '4', '4b', 'Crawley', '06826', 'Guatemala'),
(13, '47 Beauty Avenue', '14', '6', '7d', 'Northampton', '01752', 'Singapore'),
(14, '26B Doughty Mews', '17', '9', '4c', 'Eastbourne', '48208', 'Nicaragua'),
(15, '2-6 Postmill Close', '42', '4', '5a', 'Bradford', '91066', 'Denmark'),
(16, '3 Tollgate Road', '63', '4', '6c', 'Derby', '73759', 'Turkey'),
(17, '8 Devereux Court', '17', '7', '4a', 'Brighton', '05933', 'Cyprus'),
(18, '11-39 Lancashire Court', '98', '6', '1b', 'Birmingham', '56631', 'Iceland'),
(19, '1-9 Leverton Street', '45', '5', '4e', 'Watford', '28477', 'Iceland'),
(20, '33-59 Coombe Road', '53', '7', '9c', 'York', '25813', 'Zambia'),
(21, '3 A-D George Street', '61', '5', '6e', 'Poole', '54518', 'Namibia'),
(22, '9A White Church Lane', '92', '3', '8d', 'Rotherham', '96555', 'Japan'),
(23, '768 Battersea Bridge Road', '13', '9', '7d', 'Leicester', '07607', 'Switzerland'),
(24, '8 Ritherdon Road', '78', '3', '2d', 'Bristol', '86989', 'Denmark'),
(25, '1-7 Albemarle Street', '63', '6', '8b', 'Norwich', '57077', 'Cuba'),
(26, '3 Britten Street', '32', '2', '8c', 'Exeter', '49037', 'Germany'),
(27, '44-17 Morton Court', '43', '9', '7c', 'Portsmouth', '92422', 'France'),
(28, '4-6 Faulkner Mews', '64', '9', '5a', 'Blackburn', '90287', 'Guyana'),
(29, '5-7 Hartfield Road', '82', '8', '5b', 'Stoke-on-Trent', '88184', 'Malaysia'),
(30, '93 A-C Englefield Close', '67', '3', '2a', 'Nottingham', '87437', 'Qatar'),
(31, '44-18 Arlington Road', '51', '3', '4a', 'Preston', '19425', 'Spain'),
(32, '969 Lauriston Road', '45', '1', '3e', 'Cambridge', '89303', 'Afghanistan'),
(33, '32-37 Addington Street', '49', '7', '4c', 'Oldham', '45302', 'Bangladesh'),
(34, '3 Amyand Park Road', '87', '4', '9e', 'Blackpool', '23214', 'New Zealand'),
(35, '10 Peterborough Road', '63', '7', '9d', 'Middlesbrough', '51343', 'Australia'),
(36, '3C Abercorn Crescent', '25', '7', '1c', 'Sheffield', '75699', 'Malawi'),
(37, '43-38 Abbey Street', '44', '4', '8c', 'Oxford', '30971', 'Poland'),
(38, '11-49 Abbeville Road', '95', '9', '6a', 'Colchester', '50730', 'Belize'),
(39, '3-7 Abbey Street', '91', '4', '6c', 'Sunderland', '06712', 'Saudi Arabia'),
(40, '6 A-C Dudley Road', '46', '7', '5e', 'Slough', '54828', 'Poland'),
(41, '143 Sutherland Square', '27', '9', '4a', 'Bolton', '75541', 'Luxembourg'),
(42, '51-48 Charterhouse Square', '37', '6', '4c', 'Coventry', '64166', 'United States'),
(43, '2-7 Glendale Close', '22', '4', '3a', 'Sutton Coldfield', '75446', 'Finland'),
(44, '170D Newell Street', '19', '7', '9a', 'Liverpool', '82415', 'Korea'),
(45, '5-8 East End Road', '14', '5', '7a', 'Milton Keynes', '17667', 'Czech Republic'),
(46, '5 Philips Close', '49', '2', '7e', 'Peterborough', '82506', 'Mongolia'),
(47, '25-17 Eastfields Avenue', '46', '4', '8a', 'Gloucester', '27014', 'Afghanistan'),
(48, '8 A-E Broad Street', '44', '7', '9c', 'Southampton', '36971', 'Albania'),
(49, '8 Eileen Road', '13', '1', '1a', 'Swindon', '09807', 'Mexico'),
(50, '1-7 Finsbury Square', '48', '6', '5d', 'London', '50590', 'Lithuania');

--
-- Inserting data into table proveidors_adreca
--
INSERT INTO proveidors_adreca(proveidor_id, carrer, numero, pis, porta, ciutat, codi_postal, pais) VALUES
(1, '202 Woodrow Cir', '67', '7', '3e', 'Palmerston', '52816', 'Spain'),
(2, '1434 Riddle Hill Road', '88', '1', '8d', 'Wodonga', '89416', 'Botswana'),
(3, '1340 White Glenwood Lane', '76', '1', '7d', 'Caloundra', '12113', 'Morocco'),
(4, '2489 Church Court', '41', '6', '2e', 'Echuca', '88973', 'Ireland'),
(5, '3791 Oak Hwy', '23', '6', '3b', 'Batemans Bay', '32875', 'Mongolia'),
(6, '72 Highland Ln', '38', '9', '1e', 'Kingston', '84891', 'Denmark'),
(7, '784 Town Lane', '17', '2', '1e', 'Toowoomba', '98173', 'Panama'),
(8, '1470 West Fox Hill Way', '64', '4', '4c', 'Canberra', '81733', 'Croatia'),
(9, '1187 New Front Hwy', '38', '1', '4c', 'Mornington', '14731', 'Austria'),
(10, '513 Chapel Hill Drive', '19', '7', '9e', 'Byron Bay', '61049', 'Argentina'),
(11, '78 Market Parkway', '36', '9', '2b', 'Kwinana Town', '09516', 'Lebanon'),
(12, '64 Old Ashwood Avenue', '16', '8', '1b', 'Bathurst', '33002', 'Argentina'),
(13, '19 Sharp Hill Rd', '15', '8', '8b', 'Morwell', '11863', 'Portugal'),
(14, '1768 NW Fox Hill Loop', '34', '9', '5b', 'Wollongong', '57162', 'Samoa'),
(15, '985 White Rockwood Court', '79', '4', '6d', 'Caboolture', '32937', 'Nicaragua'),
(16, '1784 Oak Ct', '87', '4', '4e', 'Emerald', '48684', 'Brazil'),
(17, '1079 E Quailwood Highway', '49', '7', '8a', 'Launceston', '46042', 'Iceland'),
(18, '1302 Riverside Circle', '19', '1', '6c', 'Bendigo', '18802', 'Sri Lanka'),
(19, '3259 NE Parkwood Circle', '12', '6', '1e', 'Mount Eliza', '17386', 'France'),
(20, '2674 Ski Hill Street', '28', '1', '6e', 'Casino', '54316', 'Malaysia'),
(21, '1318 Waterview Ave', '44', '7', '5e', 'Lismore', '55348', 'Peru'),
(22, '1261 Ski Hill Parkway', '21', '3', '2d', 'Townsville', '42348', 'Fiji'),
(23, '785 Highland Ln', '19', '9', '4a', 'Rockingham', '62616', 'France'),
(24, '426 Hidden Burwood Parkway', '35', '4', '5e', 'Rosebud', '28379', 'India'),
(25, '59 Oak Blvd', '97', '3', '9a', 'Traralgon', '73035', 'Morocco'),
(26, '655 North Church St', '17', '6', '9a', 'Parkes', '74976', 'Mexico'),
(27, '1691 Prospect Hill Pkwy', '92', '1', '6d', 'Forbes', '51343', 'Nigeria'),
(28, '3208 New Oak Ct', '45', '4', '7a', 'Mount Gambie', '65961', 'France'),
(29, '2049 Church Ln', '28', '8', '3a', 'Sale', '54032', 'Malaysia'),
(30, '654 West Riddle Hill Lane', '81', '3', '8a', 'Ulverstone', '23588', 'Ukraine'),
(31, '3743 Edgewood Lane', '43', '5', '4d', 'Central Coas', '53452', 'Finland'),
(32, '2144 N Parkwood Loop', '76', '6', '1d', 'Cairns', '35552', 'Iraq'),
(33, '1458 SE Beachwood Drive', '13', '8', '4c', 'Gawler', '32342', 'Georgia'),
(34, '789 E Mount Way', '39', '5', '8e', 'Cessnock', '86088', 'Guyana'),
(35, '2982 Front Drive', '96', '7', '2e', 'Sawtell', '32119', 'Botswana'),
(36, '225 Chapel Hill Rd', '25', '8', '3a', 'Perth', '83817', 'Belgium'),
(37, '3739 Deepwood Dr', '35', '2', '2b', 'Hervey Bay', '08672', 'Switzerland'),
(38, '553 Hunting Hill Highway', '42', '1', '5d', 'Geelong', '93964', 'Brazil'),
(39, '849 Ironwood Highway', '27', '4', '4d', 'Blaxland', '32029', 'Albania'),
(40, '1975 Ironwood Highway', '73', '7', '2e', 'Coffs Harbou', '56042', 'Austria'),
(41, '58 E Prospect Hill Lane', '32', '7', '8c', 'Victor Harbo', '99275', 'Latvia'),
(42, '684 Sharp Hill Avenue', '67', '7', '5e', 'Adelaide', '06852', 'Portugal'),
(43, '2658 SE Prospect Hill Drive', '61', '5', '1d', 'Mount Isa', '37826', 'Belize'),
(44, '72 Rose Hill Loop', '37', '5', '2c', 'Port Augusta', '54712', 'Botswana'),
(45, '1691 Beachwood Road', '87', '1', '6c', 'Mount Martha', '22809', 'Kuwait'),
(46, '3806 East Farmview Hwy', '61', '8', '8e', 'Bongaree', '78291', 'Kuwait'),
(47, '2295 Rose Hill Pkwy', '91', '1', '8b', 'Geraldton', '05119', 'Luxembourg'),
(48, '3501 Hunting Hill Street', '56', '2', '1b', 'Colac', '37449', 'Myanmar'),
(49, '2838 North Riddle Hill Drive', '35', '8', '6e', 'Port Hedland', '99073', 'Kuwait'),
(50, '59 White Social Ct', '63', '7', '1d', 'Mudgee', '32138', 'Switzerland');

--
-- Inserting data into table clients
--
INSERT INTO clients(client_id, nom, primer_cognom, segon_cognom, adreca_id, telefon, correu, data_registre, recomenat_per_client_id) VALUES
(1, 'Letha', 'Mckee', 'Baumann', 29, '+420 295 422 16', 'Adam.Acker24@example.com', '1970-01-01 00:07:13', 32),
(2, 'Kraig', 'Eubanks', 'Renteria', 24, '+44 5566 392240', 'byiswceo_myqdc@example.com', '2004-01-31 03:13:30', NULL),
(3, 'Harlan', 'Hand', 'Neeley', 26, '+971 8 048 7219', 'LealU19@nowhere.com', '2004-03-08 05:52:47', 41),
(4, 'Brad', 'Abney', 'Reyes', 2, '+55 29 3630-352', 'kkhx3854@example.com', '2004-10-06 22:16:55', 21),
(5, 'Enrique', 'Evans', 'Mathews', 13, '+49 (5500) 7331', 'owpk8399@example.com', '2010-10-09 06:21:41', NULL),
(6, 'Bennie', 'Bowens', 'Keenan', 9, '+49-1062-507630', 'Jennings@example.com', '2005-01-07 08:41:19', NULL),
(7, 'Francis', 'Stanley', 'Neely', 31, '+55 39 6042-406', 'Gee@nowhere.com', '2011-03-18 22:56:47', 18),
(8, 'Nickie', 'Handley', 'Galindo', 50, '+49-2188-583000', 'PhilRichey8@example.com', '2017-03-25 08:41:27', NULL),
(9, 'Boyd', 'Everett', 'Cary', 6, '+420 170 634 68', 'Babin@example.com', '1970-01-01 00:01:04', 3),
(10, 'Alonzo', 'Lowry', 'Reyna', 46, '+49 5152 604632', 'MargaritoAnthony@example.com', '2009-11-18 15:02:18', 22),
(11, 'Reed', 'Wicks', 'Mathis', 33, '+33 2 44 76 96 ', 'GladisReeves33@example.com', '2021-02-01 21:11:28', NULL),
(12, 'Cory', 'Abraham', 'Delacruz', 40, '+971 2 137 4844', 'Cordero@example.com', '1970-01-01 00:00:05', 1),
(13, 'Abbie', 'Pelletier', 'Baumgartner', 19, '+32 1 607 75 22', 'PeggieScott@example.com', '2019-10-04 12:33:37', NULL),
(14, 'Lazaro', 'Bower', 'Casas', 44, '+380 62 567-971', 'Costa@example.com', '1970-01-01 00:00:01', NULL),
(15, 'Danielle', 'Hutcheson', 'Neff', 14, '+52 56 6775 230', 'Adair77@example.com', '2008-03-16 20:12:29', 31),
(16, 'Gregorio', 'Stanton', 'Keene', 25, '+32 7 342 78 63', 'DominickGrier@nowhere.com', '1985-10-19 10:30:10', 47),
(17, 'Monty', 'Handy', 'Gallagher', 20, '+33 6 12 93 87 ', 'Rau71@nowhere.com', '1975-10-27 02:14:00', 50),
(18, 'Abby', 'Everhart', 'Bautista', 36, '+32 5 946 02 82', 'Rosario_Dejesus7@example.com', '1970-01-01 00:15:42', NULL),
(19, 'Evelin', 'Abrams', 'Case', 16, '+32 7 501 19 41', 'Armstrong5@example.com', '2017-05-31 14:38:52', 48),
(20, 'Earline', 'Bowers', 'Reynolds', 16, '+971 5 204 5201', 'GiannaJenkins@example.com', '1970-01-01 00:01:23', 11),
(21, 'Viviana', 'Abreu', 'Delagarza', 4, '+420 300 967 64', 'Crooks@nowhere.com', '1973-04-09 06:10:22', NULL),
(22, 'Chae', 'Wiese', 'Baxley', 29, '+32 9 360 23 71', 'Adan_Stafford@nowhere.com', '2002-10-15 09:08:35', 24),
(23, 'Delta', 'Loy', 'Casey', 33, '+55 99 7197-269', 'Alston679@example.com', '2009-07-15 04:42:14', NULL),
(24, 'Toney', 'Hutchings', 'Negrete', 10, '+49-3144-268759', 'Matney@example.com', '1970-10-21 03:04:55', 8),
(25, 'Wynell', 'Staples', 'Reynoso', 30, '+44 935 564 429', 'StephaniJ_Grossman@example.com', '1970-01-01 00:05:13', 16),
(26, 'Ashley', 'Wiggins', 'Wagoner', 38, '+44 0287 503175', 'JoaquinWilbanks@example.com', '1994-11-25 13:01:14', NULL),
(27, 'Ressie', 'Mckeever', 'Gallant', 34, '+380 39 864-139', 'Mary.N_Kunkel572@example.com', '2010-03-31 12:34:56', 11),
(28, 'Shane', 'Peltier', 'Baxter', 9, '+52 59 5747 481', 'LeilaBrubaker@example.com', '1970-01-01 00:01:28', 22),
(29, 'Raleigh', 'Mckenna', 'Cash', 13, '+1 105-895-9434', 'Anastacia.OPruitt48@example.com', '1999-10-08 03:10:17', NULL),
(30, 'Jean', 'Stapleton', 'Delarosa', 7, '+44 3709 869296', 'Frankie_Grossman@nowhere.com', '1970-01-01 00:01:38', NULL),
(31, 'Roosevelt', 'Wilbanks', 'Matlock', 23, '+32 6 174 39 00', 'Muriel_QMilliken5@example.com', '1979-02-17 15:31:04', 33),
(32, 'Alanna', 'Pemberton', 'Gallardo', 30, '+49 (8454) 5656', 'enqvjfmk.cofgkn@nowhere.com', '2016-08-18 04:09:41', 24),
(33, 'Lilliana', 'Loyd', 'Sisson', 25, '+44 2503 20 445', 'Villalobos7@example.com', '1988-02-21 17:02:47', NULL),
(34, 'Amiee', 'Hutchins', 'Keener', 46, '+380 16 666-793', 'GertudePlace@nowhere.com', '1970-01-01 01:00:18', 2),
(35, 'Rene', 'Starkey', 'Negron', 41, '+44 0904 63 218', 'MinervaSeay@nowhere.com', '2008-03-17 17:48:08', NULL),
(36, 'Demarcus', 'Wilbur', 'Matney', 40, '+32 0 771 81 94', 'FelixD.Shoemaker@example.com', '2019-03-11 04:34:25', NULL),
(37, 'Ashley', 'Starks', 'Bayer', 15, '+44 4744 72 836', 'AmadoMedina589@example.com', '1982-01-19 04:12:50', 4),
(38, 'Abel', 'Hanes', 'Wahl', 22, '+55 34 7756-116', 'Luigi.Duvall448@example.com', '2009-09-02 00:35:09', 12),
(39, 'Ali', 'Mckenney', 'Casillas', 4, '+55 99 0426-112', 'Blank783@example.com', '2004-06-18 10:48:47', 49),
(40, 'Clark', 'Pena', 'Delatorre', 3, '+420 291 561 37', 'Flowers139@nowhere.com', '2000-10-06 16:41:39', 16),
(41, 'Adam', 'Wilburn', 'Sizemore', 23, '+1 260-776-9055', 'Clapp@example.com', '1988-11-07 13:50:51', 12),
(42, 'Gayle', 'Evers', 'Keeney', 29, '+32 9 271 54 28', 'LucioDolan@example.com', '1974-05-05 21:27:01', 30),
(43, 'Kristy', 'Haney', 'Baylor', 32, '+44 622 188 770', 'Caleb.Lincoln2@example.com', '2009-09-23 02:14:05', 24),
(44, 'Ryan', 'Ewing', 'Waite', 22, '+49 (2039) 1321', 'Kareem.Ratliff@example.com', '2002-07-23 18:27:02', 11),
(45, 'Marjory', 'Starling', 'Rhea', 9, '+44 5882 195041', 'ahukz6794@example.com', '1970-01-01 00:02:22', NULL),
(46, 'Christopher', 'Hankins', 'Gallegos', 34, '+44 814 711 924', 'DrewTravis253@example.com', '1993-12-10 10:06:21', 22),
(47, 'Abraham', 'Ezell', 'Matos', 32, '+49 (9877) 9850', 'BernardoBarkley1@example.com', '1994-10-08 07:32:16', NULL),
(48, 'Lavelle', 'Bowie', 'Deleon', 6, '+44 3002 18 879', 'AnalisaThomas1@nowhere.com', '2016-02-01 13:49:36', 6),
(49, 'Brigida', 'Hanks', 'Gallo', 22, '+49-9203-793792', 'Violeta_Tribble832@example.com', '2005-12-27 12:56:20', NULL),
(50, 'Cristobal', 'Wilcox', 'Skaggs', 29, '+49-9241-116812', 'Spann93@example.com', '1970-01-01 02:45:15', NULL);

--
-- Inserting data into table proveidors
--
INSERT INTO proveidors(proveidor_id, nom, telefon, fax, nif, adreca_id) VALUES
(1, 'WorldWide Laboratories Inc.', '+44 9241 09 191', '(646) 257-8821', 'H60059-24-5', 35),
(2, 'WorldWide N-Mobile Corp.', '+971 8 434 8120', '(335) 474-9601', '498906-RG-3', 22),
(3, 'Australian Entertainment Inc.', '+33 8 61 52 51 ', '(247) 352-0836', '971060-HB-7', 43),
(4, 'Creative Broadcasting Co.', '+49 4043 163569', '(847) 694-7194', 'M57258-BF-7', 6),
(5, 'Smart Natural Gas Energy Group', '+49-5717-273386', '(357) 010-4623', 'Q47270-GP-4', 2),
(6, 'Creative High-Technologies Group', '+44 9639 145218', '(388) 381-4102', 'V15057-84-3', 48),
(7, 'East High-Technologies Group', '+44 0396 303687', '(651) 312-4101', '999999-99-8', 15),
(8, 'Canadian Computers Group', '+44 6716 35 163', '(575) 893-4786', 'H89800-CU-0', 15),
(9, 'Home Space Research Group', '+32 8 319 47 81', '(426) 209-8650', '658148-JJ-1', 1),
(10, 'Union Semiconductor Group', '+420 843 221 94', '(795) 832-5521', '999999-HZ-1', 41),
(11, 'Advanced C-Mobile Inc.', '+44 7019 56 450', '(191) 674-3416', 'W95539-88-3', 25),
(12, 'Domestic High-Technologies Group', '+44 5620 21 610', '(519) 619-7710', '399065-07-7', 25),
(13, 'Flexible Entertainment Inc.', '+33 1 91 04 25 ', '(212) 115-2585', '912265-15-4', 5),
(14, 'Global High-Technologies Inc.', '+49 (2465) 3238', '(722) 778-3510', 'Y17246-UU-4', 2),
(15, 'Professional Management Inc.', '+52 93 4899 544', '(287) 418-3832', '726071-87-1', 42),
(16, 'Union High-Technologies Corp.', '+44 507 255 775', '(391) 598-9644', 'R99999-99-8', 23),
(17, 'American High-Technologies Inc.', '+44 6856 51 205', '(510) 426-4571', '745803-EA-0', 39),
(18, 'International Research Group', '+49 6554 670233', '(802) 630-5696', 'J54557-45-9', 2),
(19, 'Canadian Partners Corporation', '+49-8877-809279', '(791) 253-0436', '658149-AN-9', 25),
(20, 'Global Space Explore Corp.', '+49 (1790) 0481', '(607) 181-6846', 'S07258-EB-8', 29),
(21, 'Smart Explore Inc.', '+971 7 659 7452', '(783) 205-5010', 'E17247-HF-2', 42),
(22, 'East Mobile Group', '+1 372-780-9230', '(245) 358-7845', '812388-62-7', 13),
(23, 'West Coast Protection Inc.', '+1 234-659-7155', '(347) 273-6068', 'Q34338-42-8', 38),
(24, 'Future High-Technologies Corporation', '+52 74 6515 322', '(636) 315-1309', '626195-33-3', 8),
(25, 'International High-Technologies Group', '+49 2472 847172', '(947) 277-4990', '912265-16-2', 22),
(26, 'First 4G Wireless Corp.', '+1 819-174-2911', '(196) 492-6374', 'A37600-LX-8', 45),
(27, 'Home Media Corp.', '+44 0576 071697', '(728) 999-9208', 'I57259-GV-0', 45),
(28, 'Australian Industry Co.', '+49 (2370) 7640', '(496) 346-1889', 'L70058-02-6', 45),
(29, 'United Wave Power Co.', '+971 0 268 1212', '(112) 950-4263', 'S27612-MD-9', 37),
(30, 'Canadian Foods Corporation', '+32 9 385 42 27', '(147) 949-2265', '745804-PH-1', 46),
(31, 'Pacific High-Technologies Co.', '+49 (7887) 5101', '(655) 178-2625', 'K05059-07-4', 42),
(32, 'Federal High-Technologies Corporation', '+49-0620-676927', '(428) 081-2849', 'B07259-MO-7', 39),
(33, 'First High-Technologies Corporation', '+49 (4773) 2729', '(407) 702-8615', 'E24339-65-2', 9),
(34, 'City Space Explore Inc.', '+49-4084-699724', '(582) 922-6408', 'C99785-UW-2', 39),
(35, 'Union High-Technologies Corporation', '+52 09 7253 205', '(417) 195-6042', 'J47271-HM-6', 26),
(36, 'Professional Entertainment Corp.', '+1 832-577-9075', '(414) 027-0641', '543946-01-6', 39),
(37, 'Pacific B-Mobile Corporation', '+33 2 58 95 10 ', '(351) 000-9284', '883407-RJ-9', 49),
(38, 'Federal Media Inc.', '+33 1 86 12 77 ', '(861) 418-5177', '299188-53-2', 40),
(39, 'Beyond W-Mobile Corporation', '+44 7639 80 602', '(738) 798-4478', 'A34338-43-3', 46),
(40, 'City Travel Corporation', '+44 095 146 218', '(510) 963-1936', '658150-KO-4', 42),
(41, 'Professional 4G Wireless Group', '+49-5772-966917', '(417) 814-0215', '812388-63-5', 49),
(42, 'International Computers Group', '+49 (5864) 6170', '(520) 143-0449', '971061-IB-4', 41),
(43, 'Advanced Space Research Corporation', '+420 047 478 95', '(747) 801-3556', '132951-71-6', 36),
(44, 'First Space Research Inc.', '+1 811-998-2709', '(795) 160-8970', 'L24339-66-2', 24),
(45, 'International Space Research Corporation', '+52 17 7738 201', '(434) 115-2292', '726071-88-9', 34),
(46, 'South Health Care Corporation', '+971 0 469 7552', '(531) 496-3904', 'W60059-25-5', 16),
(47, 'American High-Technologies Corporation', '+55 56 8862-024', '(165) 470-9169', 'K89801-RB-0', 15),
(48, 'Home Space Explore Inc.', '+32 2 458 61 31', '(263) 762-6310', '586561-EE-8', 5),
(49, 'Creative High-Technologies Co.', '+44 6376 76 289', '(182) 733-7621', 'B70058-03-5', 36),
(50, 'Domestic Wave Power Co.', '+44 9406 64 260', '(210) 044-3501', '912265-17-0', 16);

--
-- Inserting data into table ulleres_marca
--
INSERT INTO ulleres_marca(marca_id, comprat_a_proveidor_id, marca_nom) VALUES
(1, 49, 'Subleonentor'),
(2, 5, 'Comlictonphone'),
(3, 40, 'Remuter'),
(4, 13, 'Ancycler'),
(5, 49, 'Transculupphone'),
(6, 35, 'Printtinry'),
(7, 9, 'Retinra'),
(8, 11, 'Cleanholdonry'),
(9, 28, 'Refindridge'),
(10, 22, 'Readpickewer'),
(11, 24, 'Proleadator'),
(12, 28, 'Ancordor'),
(13, 41, 'Tetopphone'),
(14, 8, 'Carttinerer'),
(15, 12, 'Charcessonentor'),
(16, 44, 'Proculimra'),
(17, 8, 'Tweetwoofor'),
(18, 30, 'Bijecter'),
(19, 3, 'Ampnionon'),
(20, 5, 'Transcordimator'),
(21, 39, 'Tabputinon'),
(22, 36, 'Tecordleton'),
(23, 45, 'Transcyclinridge'),
(24, 34, 'Comtectimscope'),
(25, 29, 'Monotinor'),
(26, 18, 'Cartmutscope'),
(27, 1, 'Suplifion'),
(28, 16, 'Tabtopicridge'),
(29, 25, 'Mictelledgra'),
(30, 17, 'Printplottentor'),
(31, 24, 'Tabpickator'),
(32, 17, 'Playtector'),
(33, 39, 'Speaktinar'),
(34, 6, 'Readculollon'),
(35, 40, 'Comtaplra'),
(36, 25, 'Carttara'),
(37, 47, 'Comtopar'),
(38, 23, 'Tabwoofor'),
(39, 8, 'Playleedridge'),
(40, 8, 'Ancyclepscope'),
(41, 28, 'Armcordlet'),
(42, 46, 'Rebandupon'),
(43, 15, 'Ampwoofer'),
(44, 19, 'Ampjectentor'),
(45, 8, 'Relictanator'),
(46, 9, 'Readniedry'),
(47, 27, 'Monocycler'),
(48, 8, 'Tabtectlet'),
(49, 7, 'Anculexscope'),
(50, 17, 'Cartplotteder');

--
-- Inserting data into table ulleres
--
INSERT INTO ulleres(ullera_id, marca_id, graduacio_esquerra, graduacio_dreta, tipus_muntura, color_muntura, color_vidre_esquerra, color_vidre_dreta, preu, venut_per, venut_data, venut_a_client_id) VALUES
(1, 27, 0.05, 0.48, 'pasta', 'PaleMagenta', 'LavenderBlush', 'PaleCornflowerBlue', 100.86, 'Carlena', '2020-12-19 04:44:20', 12),
(2, 39, 0.15, 0.23, 'pasta', 'Cinnamon', 'RoseMadder', 'LightSalmonPink', 241.71, 'Nigel', '2019-06-19 18:43:29', 34),
(3, 6, 0.71, 0.00, 'flotant', 'Zaffre', 'DarkTerraCotta', 'AlizarinCrimson', 273.33, 'Kent', '2020-07-09 01:08:12', 19),
(4, 9, 0.37, 0.53, 'pasta', 'Tawny', 'ZinnwalditeBrown', 'VioletRed', 295.85, 'Marisol', '2019-01-01 00:14:09', 48),
(5, 36, 0.45, 0.36, 'flotant', 'BottleGreen', 'PastelGreen', 'ZinnwalditeBrown', 196.71, 'Sharlene', '2020-03-12 17:41:06', 16),
(6, 32, 0.41, 0.68, 'metàl·lica', 'Eggshell', 'Wisteria', 'SlateBlue', 223.9, 'Deadra', '2021-05-28 17:07:59', 30),
(7, 26, 0.40, 0.25, 'metàl·lica', 'Citrine', 'FrenchBlue', 'Buff', 262.05, 'Randell', '2020-08-20 00:30:06', 33),
(8, 40, 0.40, 0.55, 'pasta', 'Red', 'RosePink', 'HanBlue', 112.98, 'Georgie', '2020-04-24 10:27:56', 45),
(9, 25, 0.48, 0.91, 'metàl·lica', 'DarkBrown', 'Black', 'Almond', 290.43, 'Marcy', '2020-11-18 04:52:40', 12),
(10, 5, 0.81, 0.78, 'pasta', 'Boysenberry', 'DarkTurquoise', 'BulgarianRose', 278.01, 'Jackeline', '2019-04-01 03:43:26', 47),
(11, 18, 0.86, 0.71, 'pasta', 'PalePink', 'MediumRedViolet', 'GhostWhite', 255.37, 'Alise', '2019-09-21 08:07:14', 12),
(12, 35, 0.82, 0.40, 'metàl·lica', 'RossoCorsa', 'PastelMagenta', 'Viridian', 197.42, 'Elly', '2020-12-07 22:50:27', 6),
(13, 21, 0.10, 0.02, 'metàl·lica', 'EgyptianBlue', 'RoseQuartz', 'LightSeaGreen', 308.13, 'Hyman', '2021-01-10 10:06:35', 21),
(14, 3, 0.21, 0.56, 'metàl·lica', 'LightTaupe', 'FrenchLilac', 'SlateGray', 120.44, 'Eun', '2019-07-26 23:20:50', 19),
(15, 4, 0.83, 0.27, 'pasta', 'DarkByzantium', 'DarkViolet', 'DeepChampagne', 150.49, 'Denna', '2019-09-14 06:31:38', 37),
(16, 44, 0.81, 0.70, 'metàl·lica', 'RedOrange', 'FrenchRose', 'HanPurple', 131.21, 'Clifton', '2019-01-01 00:11:29', 16),
(17, 36, 0.33, 0, 'flotant', 'ElectricBlue', 'CerisePink', 'Amaranth', 344.93, 'Glory', '2019-01-01 00:14:49', 20),
(18, 42, 0.48, 0.10, 'metàl·lica', 'TeaGreen', 'Tan', 'LightSkyBlue', 261.23, 'Ira', '2021-05-03 09:38:33', 24),
(19, 39, 0.66, 0.61, 'pasta', 'DarkCandyAppleRed', 'LavenderGray', 'Burgundy', 88.05, 'Carey', '2019-01-01 00:51:43', 4),
(20, 29, 0.50, 0.48, 'metàl·lica', 'RosyBrown', 'BlanchedAlmond', 'VividAuburn', 104.05, 'Carola', '2019-07-02 21:09:21', 42),
(21, 44, 0.53, 0.10, 'metàl·lica', 'ZinnwalditeBrown', 'MediumSeaGreen', 'Amber', 285.14, 'Cherrie', '2019-11-05 01:30:14', 4),
(22, 13, 0.62, 0.22, 'pasta', 'TeaRose', 'Xanadu', 'Smalt', 69.05, 'Thersa', '2020-07-04 21:51:42', 13),
(23, 31, 0.49, 0.71, 'metàl·lica', 'HarvardCrimson', 'Cerulean', 'Ginger', 221.35, 'Douglas', '2020-02-26 02:01:47', 6),
(24, 32, 0.06, 0.79, 'metàl·lica', 'LightYellow', 'PastelOrange', 'HansaYellow', 82.02, 'Vince', '2021-01-08 07:59:54', 46),
(25, 2, 0.97, 0.80, 'metàl·lica', 'HarvestGold', 'RoseTaupe', 'DeepChestnut', 115.45, 'Stephaine', '2020-01-17 16:21:31', 34),
(26, 5, 0.14, 0.69, 'metàl·lica', 'ClassicRose', 'LavenderIndigo', 'VividBurgundy', 99.66, 'Leann', '2019-01-01 01:53:46', 32),
(27, 42, 0.51, 0.40, 'metàl·lica', 'RoyalAzure', 'DartmouthGreen', 'SmokeyTopaz', 117.5, 'Rickey', '2019-02-27 12:53:52', 1),
(28, 40, 0.82, 0.25, 'pasta', 'BrandeisBlue', 'BleuDeFrance', 'LightSlateGray', 234.89, 'Alla', '2019-01-01 00:01:08', 49),
(29, 20, 0.30, 0.92, 'metàl·lica', 'Lilac', 'Tangelo', 'Burlywood', 160.2, 'Todd', '2019-01-01 00:00:04', 9),
(30, 10, 0.96, 0.80, 'metàl·lica', 'ElectricCrimson', 'PastelPink', 'RaspberryPink', 334.35, 'Adolph', '2020-11-10 20:40:18', 40),
(31, 18, 0.93, 0.79, 'pasta', 'DarkCerulean', 'YaleBlue', 'AmericanRose', 94.91, 'Esteban', '2019-04-07 13:19:57', 42),
(32, 27, 0.90, 0.16, 'pasta', 'ElectricCyan', 'Fuchsia', 'Glaucous', 330.72, 'Palmer', '2019-12-23 20:16:33', 7),
(33, 4, 0.29, 0.09, 'flotant', 'HeartGold', 'RoseVale', 'Harlequin', 235.39, 'Brooks', '2019-01-01 00:01:35', 1),
(34, 18, 0.25, 0.78, 'metàl·lica', 'Teal', 'Tangerine', 'DeepCoffee', 272.11, 'Tenesha', '2019-01-01 00:05:31', 11),
(35, 47, 0.90, 0.00, 'pasta', 'RoyalBlue', 'CeruleanBlue', 'BurntOrange', 287.61, 'Deanna', '2021-10-20 23:37:33', 13),
(36, 36, 0.93, 0.16, 'metàl·lica', 'PalePlum', 'MediumSlateBlue', 'Glitter', 155.52, 'Alexander', '2021-02-18 08:02:31', 41),
(37, 31, 0.88, 0.06, 'pasta', 'Cobalt', 'PastelPurple', 'Amethyst', 316.57, 'Flossie', '2019-01-05 02:42:01', 33),
(38, 10, 0.15, 0.30, 'pasta', 'Lime', 'DavyGrey', 'LightTaupe', 130.94, 'Mitchel', '2020-03-09 12:57:35', 41),
(39, 2, 0.46, 0.50, 'flotant', 'DarkChestnut', 'FuchsiaPink', 'HarvardCrimson', 133.88, 'Maynard', '2019-01-01 00:15:45', 20),
(40, 43, 0.27, 0.01, 'pasta', 'TealBlue', 'Yellow', 'DeepFuchsia', 163, 'Carlo', '2019-01-01 00:05:58', 27),
(41, 48, 0.60, 0.63, 'pasta', 'Heliotrope', 'TangerineYellow', 'BurntSienna', 292, 'Luis', '2020-05-26 14:33:37', 40),
(42, 20, 0.07, 0.57, 'metàl·lica', 'LimeGreen', 'Rosewood', 'Gold', 130.57, 'Roderick', '2019-01-01 01:45:17', 6),
(43, 27, 0.28, 0.73, 'metàl·lica', 'HollywoodCerise', 'BlizzardBlue', 'LightYellow', 174.64, 'Mariann', '2019-01-01 00:07:17', 23),
(44, 10, 0.34, 0.42, 'metàl·lica', 'RoyalFuchsia', 'PastelRed', 'PaleGold', 78.34, 'Abel', '2020-01-05 13:26:45', 5),
(45, 1, 0.21, 0.34, 'metàl·lica', 'ElectricGreen', 'YellowOrange', 'AndroidGreen', 210.89, 'Carmelo', '2019-01-01 00:01:24', 37),
(46, 20, 0.98, 0.78, 'pasta', 'TealGreen', 'Chamoisee', 'DeepJungleGreen', 86.49, 'Freddy', '2019-05-31 15:10:45', 22),
(47, 6, 0.33, 0.89, 'metàl·lica', 'DarkCoral', 'DebianRed', 'VividCerise', 195.47, 'Abraham', '2019-01-01 00:06:56', 37),
(48, 30, 0.04, 0.61, 'metàl·lica', 'ElectricIndigo', 'LavenderMagenta', 'BurntUmber', 334.59, 'Elsie', '2019-01-01 00:01:13', 16),
(49, 12, 0.95, 0.09, 'pasta', 'RoyalPurple', 'Munsell', 'SmokyBlack', 251.51, 'Cyril', '2019-06-15 12:19:33', 35),
(50, 2, 0.16, 0.54, 'flotant', 'RedBrown', 'MediumSpringBud', 'RaspberryRose', 96.22, 'Ramiro', '2021-08-19 12:49:27', 36);

SET FOREIGN_KEY_CHECKS=@OLD_FOREIGN_KEY_CHECKS;