SET @OLD_FOREIGN_KEY_CHECKS=@@FOREIGN_KEY_CHECKS, FOREIGN_KEY_CHECKS=0;
USE youtube;

--
-- Inserting data into table etiquetes
--
INSERT INTO etiquetes(etiqueta_id, nom) VALUES
(1, 'Movies'),
(2, 'Accessories'),
(3, 'Electronics'),
(4, 'Office'),
(5, 'Computers'),
(6, 'Computers'),
(7, 'Audible'),
(8, 'Food'),
(9, 'Electronics'),
(10, 'Health'),
(11, 'Movies'),
(12, 'Tools'),
(13, 'Computers'),
(14, 'Audible'),
(15, 'Pets'),
(16, 'Automotive'),
(17, 'Furniture'),
(18, 'Outdoors'),
(19, 'Pets'),
(20, 'Crafts'),
(21, 'Home'),
(22, 'Shoes'),
(23, 'Music'),
(24, 'Office'),
(25, 'Outdoors'),
(26, 'Toys'),
(27, 'Clothing'),
(28, 'Games'),
(29, 'Pets'),
(30, 'Garden'),
(31, 'Furniture'),
(32, 'Furniture'),
(33, 'Games'),
(34, 'Automotive'),
(35, 'Jewelry'),
(36, 'Office'),
(37, 'Health'),
(38, 'Shoes'),
(39, 'Gifts'),
(40, 'Shoes'),
(41, 'Shoes'),
(42, 'Games'),
(43, 'Beauty'),
(44, 'Beauty'),
(45, 'Music'),
(46, 'Jewelry'),
(47, 'Baby'),
(48, 'Office'),
(49, 'Garden'),
(50, 'Audible');

--
-- Inserting data into table usuaris
--
INSERT INTO usuaris(usuari_id, email, password, username, data_naixament, sexe, pais, codi_postal) VALUES
(1, 'AbeSSims856@example.com', 'QE3T839T9', 'Abe3', '1970-01-02', 'Femení', 'France', '28992'),
(2, 'Bolin641@example.com', 'UZ99T9MF4', 'Danna877', '2018-04-04', 'Masculí', 'Suriname', '45578'),
(3, 'Arroyo@nowhere.com', '60Y2816I8', 'Lynwood893', '2003-05-27', 'Femení', 'Philippines', '55510'),
(4, 'FrederickLandis@example.com', '0K6DR1SG7', 'Terry581', '1986-06-18', 'Femení', 'Albania', '88655'),
(5, 'Oralia_Sousa6@example.com', 'D9M29VLXN', 'Ackerman1983', '1970-01-04', 'Masculí', 'Austria', '42899'),
(6, 'Bennett_J.Maldonado58@example.com', 'LKT7TH1Z3', 'Augusta8', '1984-07-05', 'Masculí', 'Cuba', '53878'),
(7, 'AlesiaLilly47@nowhere.com', 'M15Z1K6U1', 'Flagg2018', '1984-02-20', 'Femení', 'Philippines', '74249'),
(8, 'lhonzjm1591@example.com', '4264H33VO', 'Boyle8', '2003-07-22', 'Femení', 'Hungary', '65974'),
(9, 'AddisonS51@example.com', 'A863E29FF', 'Armand1971', '2017-09-12', 'Femení', 'Portugal', '02175'),
(10, 'WillardAiello@nowhere.com', 'X360A3F2D', 'Sharice1966', '2003-09-16', 'Masculí', 'Nigeria', '12004'),
(11, 'qfaozsv350@example.com', 'X33607008', 'Abel379', '1971-08-12', 'Femení', 'Zambia', '73124'),
(12, 'EarnestAndres453@example.com', '93U9Z9GOQ', 'Ariel2021', '2001-01-09', 'Masculí', 'Finland', '62144'),
(13, 'xglzwedk.kovibhvvd@example.com', 'LV5QT494N', 'Antonia48', '1970-02-27', 'Masculí', 'United Kingdom', '08389'),
(14, 'DollyMares67@example.com', 'HHIH3955O', 'Mathilda94', '1997-01-31', 'Masculí', 'Romania', '95863'),
(15, 'TiffanyM.Cunningham62@example.com', '3PZ9FKLEU', 'Lachelle2005', '2004-11-19', 'Femení', 'Malawi', '96954'),
(16, 'Vernon_Estrada24@nowhere.com', 'E740JHGVT', 'Elaine2009', '1972-03-03', 'Femení', 'Iceland', '16536'),
(17, 'AdellAbreu@example.com', 'FR9RN804E', 'Dan1998', '1993-07-31', 'Femení', 'Denmark', NULL),
(18, 'Peek26@nowhere.com', '6JZ0LMN04', 'Sell1', '1977-11-11', 'Femení', 'Gambia', NULL),
(19, 'Rubin432@example.com', '3U8486P1S', 'Wanetta518', '1994-11-20', 'Femení', 'Jordan', '37664'),
(20, 'LalaHough@nowhere.com', '77VF41J86', 'Adolfo286', '2007-11-15', 'Femení', 'Japan', '93642'),
(21, 'dmeoo8@nowhere.com', '6UH47284Z', 'Bozeman7', '1972-09-19', 'Masculí', 'Ireland', '62161'),
(22, 'Hammett@example.com', '38A0DS85T', 'Mccloud2023', '1990-12-17', 'Femení', 'Uruguay', '53585'),
(23, 'YeseniaMyers536@nowhere.com', '11BMC4C7L', 'Josiah1993', '2006-11-13', 'Femení', 'Romania', '68576'),
(24, 'Stack837@nowhere.com', '533809D0J', 'Bennie1991', '1970-01-08', 'Femení', 'Turkey', '56886'),
(25, 'Alston13@nowhere.com', '30Y9OAOMP', 'Abram2015', '1974-12-15', 'Femení', 'Nicaragua', '29403'),
(26, 'hrzd6@example.com', 'Z0HK523EF', 'Ramiro2015', '2007-04-12', 'Femení', 'Latvia', '19342'),
(27, 'Alexander.Albers@nowhere.com', 'XCT5IWDD0', 'Zenia2009', '2006-06-08', 'Femení', 'Mongolia', '22450'),
(28, 'Milburn396@example.com', '247O3M1PT', 'Hendrick6', '1994-07-21', 'Femení', 'Pakistan', '65701'),
(29, 'Brantley@example.com', 'J4R6SE39Z', 'Stanton4', '1997-03-25', 'Femení', 'Kenya', '99833'),
(30, 'Carranza811@example.com', '709I6A8N3', 'Jude2017', '1979-03-12', 'Femení', 'Kuwait', '33671'),
(31, 'zejfydwz.ismw@example.com', '15NL7971L', 'Kazuko2028', '1970-01-01', 'Masculí', 'India', '18083'),
(32, 'xoipmh517@example.com', '8XYKSV3QR', 'Galen2001', '1970-04-10', 'Femení', 'Mauritania', '42610'),
(33, 'Beaulieu@example.com', 'EMQ0HG1RG', 'Vannessa2024', '2019-04-28', 'Femení', 'Philippines', '39848'),
(34, 'Schmid@example.com', '82V7L97X6', 'Nathaniel1976', '1970-02-09', 'Masculí', 'Iraq', '33344'),
(35, 'AcevedoG@example.com', '1SZ3053LO', 'Rhiannon913', '1978-11-18', 'Femení', 'South Africa', NULL),
(36, 'Clair_CDangelo@example.com', '5369T3P8I', 'Gaston1962', '1971-02-01', 'Masculí', 'Korea', '34040'),
(37, 'Oconner162@example.com', 'DD7OM2089', 'Maggie1998', '2017-02-28', 'Masculí', 'Viet Nam', '65683'),
(38, 'Bourne@example.com', '622VX20Y4', 'Adam579', '2008-10-25', 'Femení', 'Lebanon', '07392'),
(39, 'GaryDuke@nowhere.com', '3J9QZO92K', 'Barry1980', '2015-02-04', 'Masculí', 'United Kingdom', '37865'),
(40, 'Emmitt_UAckerman@example.com', '3996IVGP9', 'Marilynn443', '1970-01-10', 'Masculí', 'Nepal', '71489'),
(41, 'Ballard@example.com', 'J8149118W', 'Michael2016', '1994-10-18', 'Femení', 'Finland', '42894'),
(42, 'Abbott962@example.com', '3JSZ4FF3P', 'Anibal1992', '1991-03-08', 'Femení', 'Australia', '59797'),
(43, 'Geary@nowhere.com', 'O63X29S9M', 'Claris2014', '1980-08-28', 'Femení', 'Bulgaria', '85726'),
(44, 'Witt836@example.com', '180N058O0', 'Isidra6', '1970-03-22', 'Femení', 'Iceland', '78877'),
(45, 'Street8@example.com', '05R3NRV4X', 'Erwin125', '2002-08-04', 'Femení', 'Afghanistan', NULL),
(46, 'Bentley173@example.com', 'JY7FK54RG', 'Laverne1955', '1970-04-14', 'Femení', 'Qatar', '31911'),
(47, 'ArianeTrotter@example.com', '0JD7L1B4G', 'Arnold2002', '1970-10-28', 'Masculí', 'Korea', '62988'),
(48, 'ReinaldoHardwick787@example.com', 'T6MEC1S6C', 'Lang362', '1970-01-07', 'Femení', 'Croatia', '46944'),
(49, 'BartonCoffin@nowhere.com', 'H3NGWTH83', 'Sanford1981', '1985-06-07', 'Masculí', 'Malta', '67173'),
(50, 'CortneyMiner@example.com', '59QB3GIO1', 'Jerold231', '2006-11-11', 'Femení', 'Bangladesh', '26349');

--
-- Inserting data into table canal
--
INSERT INTO canal(canal_id, usuari_id, nom, descripcio, data_creacio) VALUES
(1, 18, 'Conlifiedgor', 'Impedit consequatur voluptas. Labore voluptas omnis! Quo voluptas est? Illum et voluptatem! Sed consequatur dolores? Eum qui sapiente. Molestiae ut neque.\r\nEt voluptatem doloremque. Laudantium illum itaque. Non error et.\r\nSed et ipsa. Nostrum iusto beatae. Quis natus magni. Voluptatem ipsum repudiandae; quis ut doloremque. Ut enim rerum! Nemo corrupti ratione.', '1970-01-01 00:07:13'),
(2, 50, 'Projectry', 'Vero culpa veritatis. Quos animi inventore. Obcaecati quasi et. Architecto velit rerum. Quia eos suscipit? Animi laboriosam natus. Perferendis nihil aut! Sed dolor ut? Iste nihil dolor.\r\nExercitationem ex et. Cumque non ratione. Rerum voluptates aut? Aut accusantium odit. Dolores et non; et est dolor. Quidem minima fuga. Rem iure corporis.\r\nEt labore perspiciatis. Quo aut reiciendis.', '2004-01-31 03:13:30'),
(3, 47, 'Charcessridge', 'Quia sunt ullam et ipsam magni ad. Qui voluptatibus voluptatem minima dolores voluptas vel in ut? Debitis laudantium autem omnis explicabo, hic adipisci sunt consectetur voluptatem. Esse corrupti aperiam perspiciatis veritatis qui enim. Voluptas enim dolores a magni minus! Aspernatur sed est eaque. Non suscipit aliquam laborum accusamus aperiam laboriosam sunt quam.', '2004-03-08 05:52:47'),
(4, 24, 'Ancyclfiphone', 'Omnis numquam quod quas. Amet eius sequi nostrum tempore eligendi; non mollitia fugit ut officiis consequatur autem exercitationem non alias.\r\nCupiditate libero nam eaque quisquam animi explicabo aut. Quasi doloribus dolores. Iste tempore impedit! Natus soluta et. Quos assumenda unde. Sed natus doloribus! Pariatur dicta numquam. Debitis iure voluptatum. Saepe enim qui.', '2004-10-06 22:16:55'),
(5, 30, 'Transcessletor', 'Ab id ipsam quaerat ea. Omnis repellendus quia. Enim sit error qui laudantium ipsum inventore! Iste sed deleniti sint; illo alias nostrum et ut. Id dolorem soluta sed sint voluptatem omnis. Sed est aliquid, reiciendis obcaecati id nesciunt eius aliquam facere. Impedit ut beatae est quisquam quia ea nulla natus.', '2010-10-09 06:21:41'),
(6, 45, 'Confinder', 'Obcaecati et placeat. Veritatis unde laudantium! Sit labore est.\r\nSequi quo sed. Recusandae itaque a! Porro nihil corporis; dolorem omnis ut? Quia ut facilis. Autem ea quam!\r\nNulla tempora laborum; expedita et veniam. Perspiciatis porro possimus. Est numquam reprehenderit; et veniam itaque. Ipsa adipisci reiciendis! Omnis accusamus totam. Quae explicabo provident.', '2005-01-07 08:41:19'),
(7, 48, 'Speakcessfiry', 'Vel aut corporis iste rerum veniam et incidunt voluptatum sit.', '2011-03-18 22:56:47'),
(8, 25, 'Transbanderator', 'Omnis rem aliquid pariatur non molestiae quae vitae qui. Culpa non quas? Velit ut non repellat voluptatem hic obcaecati; id est et velit praesentium earum consequatur incidunt sit. Blanditiis distinctio quia sunt ex reprehenderit tenetur aut. Qui nisi ea! Obcaecati animi deleniti. Quia dolorem ut expedita! Non quasi reprehenderit error incidunt et quibusdam sit.', '2017-03-25 08:41:27'),
(9, 13, 'Transculgaentor', 'Omnis quas culpa totam corrupti fugiat exercitationem ut omnis.\r\nDoloremque molestiae nesciunt ducimus omnis ipsa. In id quia voluptatem impedit perspiciatis iusto. Exercitationem adipisci pariatur! Excepturi explicabo sunt.\r\nMolestias rerum et. Sed inventore et. Sit quia ipsam. Dolores aliquam quo. Quae accusantium odit. Eos praesentium et. Omnis voluptates ad. Unde odit et.', '1970-01-01 00:01:04'),
(10, 31, 'Armputplry', 'Voluptate et necessitatibus et est. Sequi alias dolores in recusandae quisquam eos! Numquam qui repellat ut qui vero corporis et. Ut unde aliquam doloribus exercitationem consequatur quas perspiciatis accusantium sunt! Voluptatem itaque qui mollitia nostrum tenetur. Tempora et totam dolor neque beatae eos similique et iste. Voluptate sit aliquid; error ut at. Consequatur et fugiat.', '2009-11-18 15:02:18'),
(11, 41, 'Amptecticlet', 'Iste adipisci voluptate vel nesciunt neque. Qui dolor eum et tempore consequatur ullam! Iste tempora similique.\r\nDolor perspiciatis facilis reiciendis dolorem. Molestias et amet quo. Commodi praesentium perspiciatis recusandae! Rerum blanditiis quaerat fuga repellendus in dolorem. Sequi error et. Possimus atque suscipit. Sit aut quia? Enim error vel.\r\nUllam ut magnam.', '2021-02-01 21:11:28'),
(12, 19, 'Speakholdor', 'Necessitatibus et similique sit qui et ut quam perspiciatis iusto. Voluptates voluptatem iste dolorum rerum, aut neque consequuntur optio dolorem.', '1970-01-01 00:00:05'),
(13, 26, 'Ampmutator', 'Molestiae ut et. Quia aut odio similique aspernatur perspiciatis quisquam amet. Sapiente labore commodi cum nobis animi molestiae non. Provident qui ut quod sunt similique; magni pariatur vitae et laborum debitis nisi voluptas. Magni beatae omnis. Voluptas culpa, ex quisquam ut corporis ut consequatur itaque quae...', '2019-10-04 12:33:37'),
(14, 46, 'Concordridge', 'Odio tempore excepturi. Qui nostrum est. Nobis in cupiditate! Tempora totam amet; quas voluptates ipsam. Est adipisci rerum!\r\nQuis sit laborum. Dolorem fugiat ut. Ut totam explicabo. Nam est qui. Ipsum est quasi! Eum sunt nulla. Tenetur consequatur rerum. Tempore ullam quisquam. Veritatis nostrum quas.\r\nAspernatur iste nulla. Ea perspiciatis quis! Necessitatibus id est. Unde sint consequatur. Et?', '1970-01-01 00:00:01'),
(15, 32, 'Bitecteror', 'Quaerat unde eius. Voluptatem vitae vel. Libero voluptatem quod. Illo rerum harum.\r\nFugit iste commodi. Unde aperiam reprehenderit! Sit expedita aut. Assumenda omnis ea. Numquam natus et; facere repellendus cum; consequuntur non dolorum. Ipsam eum voluptatum. Perspiciatis iste sed. Magni non rerum.\r\nImpedit natus in. Sit ut labore; reprehenderit inventore iure. Illum eius molestiae. Voluptas sed.', '2008-03-16 20:12:29'),
(16, 5, 'Chartinar', 'Ut magni sunt sint et illo laudantium dicta nam.\r\nUllam veritatis libero ut asperiores itaque. Et alias est incidunt et deserunt sit aliquam. Tenetur quo voluptatem repellendus harum! Nostrum ut vitae sapiente quia sunt voluptas. Aperiam cumque itaque! Sit in voluptas, dolor non dicta soluta porro dignissimos et. Suscipit dolores inventore. Voluptas rerum qui!', '1985-10-19 10:30:10'),
(17, 11, 'Suplictry', 'Unde itaque iste ea tempore voluptates beatae aut deleniti. Sit eum ullam eius perferendis eveniet aut corporis vitae. Et ab pariatur dolorem. Voluptatem nam atque laudantium itaque quia magni. Labore eaque et culpa a ratione asperiores necessitatibus.\r\nConsequatur voluptate doloremque. Consequatur tempore blanditiis. Impedit nemo debitis; rerum ut similique. Consequatur exercitationem mollitia.', '1975-10-27 02:14:00'),
(18, 49, 'Cleantinupon', 'Tempore nesciunt blanditiis. Sit porro excepturi. Quas consequatur ipsum? Qui fugiat debitis! Commodi vel itaque. Esse possimus libero. Minus est eos.\r\nVel aliquid explicabo. Unde quis consectetur; sed repellendus alias. Amet accusamus cumque! Atque aut quaerat. Maiores dicta cumque. Modi recusandae voluptatibus? Eum qui voluptatem! Eum sapiente et. Voluptas ut dolore.\r\nCorrupti nam et. Magnam;', '1970-01-01 00:15:42'),
(19, 27, 'Biplottra', 'Itaque commodi fugit voluptatem ut. Aperiam ipsa sit nobis velit omnis repellendus optio. Sint iusto iste eaque unde non eum quam ut. Delectus ut quasi a et dicta fuga exercitationem ut.\r\nCorporis ut vitae quo sed. Aut nemo aut culpa non sit error ad maxime. Eaque excepturi eum. Numquam modi impedit. Officiis voluptate enim.', '2017-05-31 14:38:52'),
(20, 36, 'Tweetceiventor', 'Qui error praesentium ex et. Saepe quia consequatur! Autem quae nobis quo neque expedita. Optio voluptas quia ea qui iste adipisci.\r\nQuam nobis et.\r\nVoluptate qui deleniti. Obcaecati nulla dolorem! Unde numquam modi. Est asperiores dicta. Tempora incidunt maxime. Cumque aut asperiores. Omnis veniam aut! Omnis optio placeat. Minus saepe voluptas.', '1970-01-01 00:01:23'),
(21, 6, 'Rewoofridge', 'Sed est delectus. Iste illum eum! Quae optio rerum? Vitae iste dolorem. Nostrum nulla fugiat. Est delectus minus! Quia eos dicta.\r\nEt eos illum. Veritatis eligendi ipsa. Soluta suscipit quasi! Nihil corporis placeat. Quas velit neque! Dolorum nihil magnam? Sit numquam rerum. Molestias sit voluptatem.\r\nAd consectetur et. Unde magnam ut! Aut voluptas dolorem. Repellendus vero iste. Similique eum.', '1973-04-09 06:10:22'),
(22, 1, 'Tablescope', 'Nisi et iste adipisci sed a obcaecati sit omnis ut.', '2002-10-15 09:08:35'),
(23, 14, 'Biwoofewer', 'Iste vero velit. Recusandae placeat eius doloremque aut recusandae; quae earum quaerat neque nesciunt aut. Fugit nisi unde incidunt molestiae quasi. Omnis voluptatem illum. Pariatur sit fuga. Aut sit laborum voluptatibus explicabo! Eaque qui dolores sit recusandae autem quo animi sed; explicabo sit omnis beatae deleniti iusto...', '2009-07-15 04:42:14'),
(24, 7, 'Conwoofor', 'Voluptatem est similique; provident facere neque sed ut impedit.\r\nDeserunt ut ad cupiditate magnam veritatis; natus quia perspiciatis. Est qui est! Aut voluptatem aliquid sint a repudiandae.\r\nOfficiis aut ratione est velit placeat eius natus reprehenderit sit. Qui et totam. Recusandae rerum ut? Voluptas voluptatem nihil consectetur voluptatem ratione aliquam natus alias aut. Perspiciatis eveniet.', '1970-10-21 03:04:55'),
(25, 20, 'Comfindar', 'Animi est repellat. Facilis et autem. Sit numquam incidunt. Dolores atque deserunt! Incidunt ducimus in. Corporis quia earum. Sequi id labore! Eaque ipsam velit.\r\nDicta ipsa ut; nemo tempora consequatur. Nisi autem recusandae? Natus aspernatur ut; sed nihil inventore. Est delectus cumque; architecto laborum blanditiis. Dicta ea voluptatem.\r\nAd voluptas dignissimos; natus quae dolor.', '1970-01-01 00:05:13'),
(26, 33, 'Readleer', 'Illo quia neque. Voluptatem sed ipsa. Et est ut! Enim praesentium magni. Quis nemo ipsum. Possimus expedita est. Nihil voluptatibus quo? Impedit fuga dolores; voluptates aut enim. Rerum labore hic.\r\nEveniet facilis dolores. Temporibus pariatur aperiam. Vel sed quis! Modi ut saepe? A maxime eveniet. Exercitationem est eveniet? Iste laborum voluptatibus.', '1994-11-25 13:01:14'),
(27, 15, 'Speaklictollor', 'Et omnis quo corporis voluptatum blanditiis quo, aspernatur itaque qui.\r\nNatus est doloribus perspiciatis sit consequuntur perspiciatis et unde; molestias ipsum voluptatibus voluptas? Natus hic enim incidunt sint eius earum. Soluta earum ut. Et reiciendis architecto? Harum et eius...\r\nEst error unde. Dolorem nostrum minus. Enim ipsa suscipit! Enim eligendi eos.', '2010-03-31 12:34:56'),
(28, 42, 'Chartectplentor', 'Quis assumenda, nam et omnis earum ducimus explicabo commodi alias. Et cum sit rerum quo ut et reprehenderit omnis dolorem. Aut excepturi dolorem, est ea officiis molestiae quis hic tempore. Id deleniti voluptas sit veritatis perspiciatis reprehenderit natus vel explicabo...', '1970-01-01 00:01:28'),
(29, 37, 'Tabcyclar', 'Praesentium enim expedita. Est quos omnis expedita sapiente facere. Dolores corporis incidunt eum quaerat et harum perferendis. Aut tempora qui excepturi enim ipsum. Voluptatem eos est iste hic iure sit. Iste similique tempore. Iusto in non magni dolorum.\r\nSint temporibus tenetur sit modi facere omnis. Voluptas ullam ducimus. Amet incidunt aliquam!\r\nNatus cum et.', '1999-10-08 03:10:17'),
(30, 2, 'Micniupor', 'Dolorem perspiciatis et commodi consequatur tempora at voluptatem aut delectus. Dolor excepturi quae et tempore reprehenderit dolorum, rem asperiores corporis. Incidunt consectetur et consequuntur suscipit quos excepturi soluta et amet...', '1970-01-01 00:01:38'),
(31, 8, 'Monjectscope', 'Aut non eum. Inventore voluptatem cum? Ex dicta fugit. Explicabo voluptatem deleniti? Earum quidem quam. Ad quae consectetur; provident voluptas dolores. Adipisci molestiae eos. Dolor minus rerum? Minus consequatur ut!\r\nAperiam voluptatem reprehenderit. Ea nam voluptate! Ut qui est. Nisi ullam et.\r\nDebitis dolores magnam. Dolores rerum illum. Unde et facere. Beatae magni quia. Ipsa fugit quis!', '1979-02-17 15:31:04'),
(32, 3, 'Procordfier', 'Voluptatem repellendus quo ut corrupti enim maxime dolore et totam. Natus neque unde ab est et rerum sint maxime sunt. Non maxime eligendi inventore! Et natus dolorem deserunt commodi. Ratione asperiores commodi aliquam vel amet. Ullam quaerat alias aut enim praesentium eum qui eaque et. Omnis fuga vero. Corrupti incidunt tenetur...', '2016-08-18 04:09:41'),
(33, 21, 'Tabmuticer', 'Rem eligendi et accusantium consequatur et vel quo doloremque. Et quis repudiandae? Dolorum perspiciatis est amet tempora. Velit est fuga qui. Ut magnam atque et consequatur odit delectus. Quia atque doloribus iste! Sed laudantium quo ut sapiente qui officia. Ipsum eius distinctio explicabo!\r\nSunt error totam error atque voluptatem ut.', '1988-02-21 17:02:47'),
(34, 43, 'Micfindepator', 'Nesciunt quasi omnis veniam earum numquam. Sed ipsum doloribus consectetur rerum consequuntur veritatis necessitatibus! Minima exercitationem voluptatum sit nostrum ex aut. Unde labore minus dignissimos nam qui enim minima mollitia; aut eaque fugit repudiandae aspernatur minima numquam dolores. Eius expedita odit ut quod rem accusantium earum fugiat sed! Quod necessitatibus debitis...', '1970-01-01 01:00:18'),
(35, 16, 'Continry', 'Consequatur vero aut, asperiores voluptatem aspernatur et quis ex eum. Eos quo asperiores id, voluptas quia qui maiores laborum itaque.', '2008-03-17 17:48:08'),
(36, 38, 'Cabjectgaer', 'Magni excepturi necessitatibus reprehenderit esse. Vitae dicta est enim a recusandae. Est natus qui dolorem sit quibusdam et! Laudantium ut veritatis atque quia. Quae necessitatibus, iste ut sunt exercitationem consequatur illo at id? In quia provident voluptatibus quia quo, eligendi possimus sed ex.', '2019-03-11 04:34:25'),
(37, 44, 'Tecycledger', 'Natus architecto recusandae iste tenetur nemo eum iste error quisquam.', '1982-01-19 04:12:50'),
(38, 9, 'Speaklictphone', 'Quia odit minus temporibus tempore et omnis maxime qui. Adipisci harum aut omnis eos recusandae consequatur voluptatem provident! Veritatis blanditiis dolor nihil fuga. Autem at quia nostrum unde eum recusandae. Aliquam esse ut. Iusto ut nisi. Voluptatem et ut. Ut quasi sed; commodi beatae ut.\r\nDolorem id eos. Illo consequuntur perspiciatis; qui aliquid impedit.', '2009-09-02 00:35:09'),
(39, 22, 'Armputry', 'Quis laudantium numquam sit recusandae et minus ratione. Accusantium voluptatum enim consequuntur enim officiis illum autem? Iste ullam in distinctio quasi nulla nisi. Suscipit omnis dignissimos illum doloribus et rerum et laborum laboriosam. Iure repellendus hic.\r\nVoluptatem adipisci et sit. Est pariatur non alias sed obcaecati id quisquam; odit ut cupiditate. Delectus rerum unde...', '2004-06-18 10:48:47'),
(40, 17, 'Cabholdor', 'Hic quo ut voluptatem voluptatibus praesentium rerum vel facere. Atque qui itaque? Aperiam fuga ut sed qui maiores obcaecati explicabo consequatur. Vel nisi omnis repudiandae iure perferendis voluptas? Quia officiis quae consequuntur aliquam culpa omnis neque. Et molestiae velit. Autem doloremque asperiores. Totam id labore! Eos vel commodi. Unde aut voluptas!', '2000-10-06 16:41:39'),
(41, 4, 'Speakputscope', 'Natus eaque perferendis officia laudantium nobis; vel perspiciatis rerum numquam dolorem error iste et deserunt. Non ab et. Esse ratione voluptatem. Eius animi quia? Omnis dolores ducimus.\r\nAut fugit accusantium.\r\nFugiat modi eveniet. Omnis magni sit. Aut odit explicabo; eum provident recusandae. Non error quaerat; ab quidem exercitationem. Dicta dolores ut.', '1988-11-07 13:50:51'),
(42, 12, 'Tabtaupator', 'Quidem quam est exercitationem delectus sed. Rerum maxime nemo asperiores aperiam. Qui rerum sed tempora sint ea dignissimos et porro? Ut sed nesciunt voluptas. Ipsa sit itaque deserunt dolores pariatur.\r\nSit dolorem blanditiis inventore. Aliquid deserunt error unde quia totam ex porro tempore nam. Unde tempora dolore. Ut dicta mollitia.', '1974-05-05 21:27:01'),
(43, 28, 'Monfindor', 'Inventore odio est quasi excepturi totam, eum dolorem consectetur dolorum. Porro assumenda, voluptatem magnam qui distinctio et eos iste perspiciatis. Iusto provident illum reprehenderit voluptas culpa, natus dolorem eos omnis. Eos enim maiores cumque quia corrupti totam sunt voluptatem iste.', '2009-09-23 02:14:05'),
(44, 23, 'Monoceivaquon', 'Cupiditate et id; eaque dolorum minima. Et unde maiores ea iste saepe quia est. Consequatur quis deserunt autem ad dolores. Corrupti qui quis a laudantium aut; hic quae omnis. Fuga molestias enim. Ut est voluptatibus. Quidem repellat ex? Sequi ullam enim.\r\nInventore eum consequuntur; suscipit sunt atque. Incidunt quia et.', '2002-07-23 18:27:02'),
(45, 10, 'Bitinlet', 'Et perspiciatis vitae. Nihil optio aut! Et unde tempora. Aut voluptas rem. Debitis ut aut. Dolores qui officia. Quo facere voluptatem. Doloremque facilis consequatur! Autem facilis est. Vel deserunt qui!\r\nDoloribus deserunt commodi. Eum libero minus! Totam quas voluptatem. Molestiae dolorem iusto? Et fuga sit! Error libero cupiditate? Velit accusamus veritatis! Enim eum qui.\r\nSequi natus porro.', '1970-01-01 00:02:22'),
(46, 29, 'Cleantectoner', 'Natus quo et sed quaerat natus adipisci optio cupiditate. Hic reiciendis ut ex et; voluptatem nulla qui totam. In natus sed commodi aut quo et dignissimos. Sed soluta quibusdam ea eaque sed rerum nisi sint eum; ipsa veritatis, corporis sed sit beatae et vel molestiae ex...', '1993-12-10 10:06:21'),
(47, 39, 'Cableor', 'Quaerat consequatur placeat. Aut ipsum quia. Suscipit et ut. Nostrum sunt molestias. Qui et dolor. Ducimus temporibus eum; sunt unde et. Id qui harum.\r\nCum est sint. Eum adipisci tempora; perspiciatis magnam omnis. Perspiciatis illo delectus. Ipsam aut neque. Sed unde voluptas.\r\nSed blanditiis eius. Qui ut unde. Culpa aut odio; dolorem optio harum.', '1994-10-08 07:32:16'),
(48, 34, 'Playcyclon', 'Maiores doloremque consequatur eius qui molestiae vero harum optio. Quod aut modi rerum? Eum dolorem est in fugit consequatur unde aut natus. Illo nemo non. Beatae sed quos odio beatae deserunt modi sed possimus est!\r\nAut esse id, sed est et est eius sed animi.', '2016-02-01 13:49:36'),
(49, 40, 'Printceivanphone', 'Molestiae recusandae molestiae; alias molestiae magni. Ipsam et officia! Odit saepe quia? Inventore dolores voluptatum; non deserunt consequuntur. Quisquam et quasi? Voluptates veniam id...\r\nIllo delectus illum. Molestiae quo aliquam. Nulla aut eligendi; in quia amet? Aut ut aut. Consequatur culpa vel. Dolores animi assumenda! Sit est numquam.\r\nDignissimos est deserunt. Voluptas ipsam suscipit.', '2005-12-27 12:56:20'),
(50, 35, 'Comtopridge', 'Suscipit omnis voluptate corporis, modi omnis esse libero rerum sint; officia itaque qui? Tempora expedita perspiciatis! Eligendi voluptate laborum. Rem aspernatur placeat. Ea repellendus consequatur? Et quam earum. Placeat assumenda quae.\r\nQuo debitis voluptatem. Itaque est voluptatem. Commodi porro voluptatibus? Consectetur aut exercitationem!\r\nIn enim adipisci. Similique dolore sint.', '1970-01-01 02:45:15');

--
-- Inserting data into table playlists
--
INSERT INTO playlists(playlist_id, usuari_id, nom, data_creacio, estat) VALUES
(1, 13, 'Food', '2008-05-05 15:36:38', 'privada'),
(2, 29, 'Pets', '1982-02-17 11:27:28', 'pública'),
(3, 32, 'Computers', '1970-01-01 01:08:43', 'privada'),
(4, 48, 'Food', '1970-01-01 00:01:08', 'pública'),
(5, 12, 'Home', '1996-02-29 02:16:08', 'privada'),
(6, 33, 'Electronics', '1974-02-07 17:05:05', 'privada'),
(7, 4, 'Food', '1993-09-23 10:32:54', 'privada'),
(8, 4, 'Beauty', '2011-07-06 16:34:42', 'privada'),
(9, 19, 'Accessories', '2017-05-03 12:58:10', 'privada'),
(10, 1, 'Beauty', '1978-04-25 18:10:29', 'pública'),
(11, 48, 'Automotive', '1980-05-28 17:15:31', 'pública'),
(12, 46, 'Office', '1970-01-01 00:10:13', 'privada'),
(13, 47, 'Patio', '1970-10-11 12:55:35', 'pública'),
(14, 26, 'Health', '1981-10-25 03:28:57', 'privada'),
(15, 10, 'Shoes', '2004-08-30 18:58:36', 'privada'),
(16, 39, 'Sports', '1970-01-01 00:00:01', 'pública'),
(17, 19, 'Outdoors', '1971-08-06 14:00:08', 'pública'),
(18, 24, 'Clothing', '1998-06-24 19:49:37', 'privada'),
(19, 11, 'Baby', '1985-09-06 06:15:33', 'privada'),
(20, 42, 'Crafts', '1971-07-13 20:28:38', 'privada'),
(21, 1, 'Office', '1988-06-21 14:14:21', 'privada'),
(22, 23, 'Accessories', '2018-02-27 03:09:03', 'privada'),
(23, 25, 'Furniture', '1970-01-01 00:00:09', 'privada'),
(24, 24, 'Games', '1970-07-31 04:36:43', 'privada'),
(25, 32, 'Jewelry', '1970-01-24 17:31:31', 'privada'),
(26, 7, 'Food', '1996-02-19 08:49:25', 'privada'),
(27, 34, 'Outdoors', '1970-01-01 00:01:05', 'privada'),
(28, 24, 'Beauty', '1970-01-01 00:00:03', 'privada'),
(29, 25, 'Crafts', '1970-01-01 01:45:10', 'privada'),
(30, 2, 'Food', '1972-04-03 19:47:26', 'privada'),
(31, 16, 'Shoes', '1970-01-01 00:01:38', 'pública'),
(32, 25, 'Health', '2008-10-16 16:54:55', 'privada'),
(33, 25, 'Electronics', '1980-05-21 10:09:59', 'privada'),
(34, 24, 'Pets', '1982-10-07 04:48:35', 'pública'),
(35, 28, 'Books', '1984-04-01 18:35:10', 'privada'),
(36, 24, 'Clothing', '1992-01-04 18:51:22', 'pública'),
(37, 11, 'Patio', '2006-10-23 18:36:54', 'privada'),
(38, 23, 'Home', '1970-01-01 01:57:04', 'privada'),
(39, 39, 'Tools', '1996-10-03 20:58:56', 'privada'),
(40, 27, 'Baby', '1970-01-01 00:36:44', 'privada'),
(41, 43, 'Movies', '2010-02-27 01:16:21', 'privada'),
(42, 49, 'Toys', '1970-01-01 00:00:07', 'privada'),
(43, 14, 'Automotive', '2013-05-08 02:08:07', 'privada'),
(44, 7, 'Pharmacy', '1970-01-01 00:09:35', 'pública'),
(45, 10, 'Gifts', '1970-01-01 00:00:05', 'pública'),
(46, 13, 'Pharmacy', '1970-01-01 00:00:41', 'privada'),
(47, 20, 'Toys', '2010-08-05 09:30:08', 'pública'),
(48, 26, 'Pharmacy', '2014-12-22 06:05:55', 'privada'),
(49, 37, 'Electronics', '2013-07-30 11:01:26', 'privada'),
(50, 6, 'Health', '2014-07-30 06:58:30', 'pública');

--
-- Inserting data into table videos
--
INSERT INTO videos(video_id, publicat_per_usuari_id, titol, descripcio, grandaria, nom_arxiu, duracio_milisegons, thumbnail, data_hora_publicacio, visibilitat, nombre_reproduccions, likes, dislikes) VALUES
(1, 44, 'Labore inventore est. Omnis.\r\n', 'Inventore molestiae sed. Voluptatum et.', '1920x1080', 'hadionoulea232.mp4', 6673, x'30D831BF370EB610865F204F0867950002DD7624DD080F15BE0233A371993B5FC45A421F12CBD016E5A6C70406015EBF221BA6CD004CC2AA50D0C50A2E76798E097605FFB509095BD82C358BD60300F286A8293E38B953BF589E1E0770FD4633994476A163F3C01703064D041BCF99BB104F855D6AAB0B2FE1F720065F064723E36A11AAED0905145218208CF52DF2D36C7D0C2C2DB93A019909F400D1AEF325CC02ED910E050A53E332711857', '1970-01-01 01:51:14', 'privat', 54, 1892557431, 714632027),
(2, 29, 'Voluptas ab iste. Et est.\r\n', 'Ab inventore eligendi. Tenetur!\r\n', '2560x 1940', 'teesingit.avi', 17, x'888C1B5DD1D77D988B570076425599021414ABDD56ED8B098B942603A9C24F39232B1FCB2086EDCF42B53B3067BEF83D84D83464CDA6C52488670A202D81BD29DAFBC1F43D8625AA588C6A803EA0DA7BA08AD060A3434FAB4FC853EF703A03EBE57526FA04E0A796A81E0697E5E7194CD30960078D1F571E984CCB9F2C54A1633874B21D712000', '1970-01-01 00:00:18', 'ocult', 170928385, 319, 1117066691),
(3, 4, 'Velit aliquid sit.\r\nIste sunt.\r\n', 'Ullam temporibus in. Veniam nulla ut.\r\n', '1640x1200', 'forwaereha262.mp4', 360253709, x'3CEE40D5C76C95286727D440068247E727023679F55AD9EC43B709CDCD3AA6E35C368C6F86EE4C2047BFC88A02081ED1DD8BB31B9944E186A0D914F702AEFF91A310085F12BF18AB38EE3A7FED', '2016-02-01 21:54:16', 'ocult', 1965669766, 1149624535, 353149613),
(4, 8, 'Non corporis ullam. Rerum;', 'Sunt asperiores cum. Et amet unde.\r\n', '2560x 1940', 'butte07.avi', 585862290, x'2A70B80057C735CE29DA748D9D2486', '1970-10-28 15:53:24', 'privat', 575597342, 46, NULL),
(5, 23, 'Esse libero pariatur.\r\n', 'Soluta dolorum cumque. Omnis qui.\r\n', '1920x1080', 'arerever.avi', 1556476173, x'44C544D711C7DCDF075F7CFB32D0CC33150AA90D05BBC2084BDC5472D56C002E04CE1B780063F275EBE2F060C19810850059FBE2031F226D75E7E704152645544342FC1405CA1F8ED7B10E3631335A0224C2F708BBF922F0BD05FD3C440722E5363CC102D77A1F23A960787CC867795201810A0B326CAB6B43036589462EFE768E6047437E06982E4BE1A7288D654BE183', '2002-12-18 22:47:45', 'privat', 1434167617, 93, 222432772),
(6, 10, 'Magnam rerum qui. Dolore!\r\n', 'Excepturi consectetur ducimus.\r\nFugiat.', '2560x 1940', 'metereveome.mp4', 1295977983, x'DA4C05F88CCC276C789B0E02C9580289E4CDE341D59DD6FEF1E293C3F028059B722C71460615234F0AB29D089CED81F87649EAE73FD6DE381CB82844BC5A5579EA6B98D5D96290E03F6D674FD9980005BC', '2003-01-04 18:05:44', 'privat', 178611343, 241232202, 1149769749),
(7, 44, 'Vel et aut. Ab quisquam qui.\r\n', 'Ut repudiandae temporibus. Sed aut est!', '2560x 1940', 'wasinghaat.ts', 43, x'5928AF82789E43210369A84040B19D37A6BD050869AA4A03A4D4007E24608B2E61F51F4992DBFC55CC62434DBB91EB7698', '1970-01-01 00:00:44', 'privat', 1900532850, 8, 382060062),
(8, 6, 'Delectus nihil hic. Temporibus.', 'Ratione temporibus possimus.\r\n', '1920x1080', 'nthisthhin7.avi', 328057718, x'C28604F9C0B4110E802FA5C6593C898CCC41925BEDD20031298407D0DE085414399407158DAFA4AF7C3847677D9DF53928E6922E0DA546C79FEE5B9CB051D2845A0BD7026CB7A3CBD862296E01A857549BC73807EC5E1F1C5C3AD0745C476BA237C799262EA0963333ACA8FF702843391F9AF56E48940755E63B28877F704B46CF1D464E1BB4580608B21ED02D9D8B4546B402E7581D21383CC8C7E8', '2002-01-09 21:30:21', 'privat', 7, 38, 990299969),
(9, 42, 'Rerum et iste. Quia perspiciatis.\r\n', 'Odit sed expedita. Iste eius natus.\r\n', '640x640', 'toedhanot.mkv', 2104596591, x'AFF53F54685B5AC76B1D0107C6B00E9D3511A87A82B563096A9CB3D357CB63040ECF86D49A21C8394FDF56B15DA591F50321E70678161944C695620009A46027B5FE16B7B15B3E37640308638CDE33E08EF46D3D21FED53562FC6B08D5086BA7016A12FD379FE7D41822BC9445AAFB480C70ADF700C9313D6C6DBCF74D8F4FF1F2F75ADD74801231636C5C326DFB3686784A5F096DBEC80C68381D2F5E6F1DB2B3288BB9109D29B8C4073ED4032511D105050779418D0C06221F1E6D3A59D9A8C423C245118E304B', '2014-10-21 07:37:51', 'privat', 1514436996, 1264219263, 7),
(10, 16, 'Minima maxime necessitatibus;\r\n', 'Ea fuga neque. Debitis ullam error.', '2560x 1940', 'omest730.ts', 172185719, x'C4EEB7529F53F28FFEBB3C33631530AC090E20C3EB45070302', '1975-11-02 18:54:56', 'privat', 884244415, 1564176311, 8),
(11, 27, 'Veritatis laborum tempora. Omnis?\r\n', 'Quidem repudiandae perspiciatis. Rem.\r\n', '1920x1080', 'butnotbutis652.mp4', 383, x'886609204EAA7F2326C2FC00', '1970-01-01 00:06:24', 'ocult', 1787058423, 53, 769670604),
(12, 6, 'Nobis voluptatem perspiciatis;\r\n', 'Necessitatibus ut cumque. Libero.\r\n', '1920x1080', 'stwa53.avi', 457, x'8318E3A0A2ED59CFB5E251F7002AA04EF500AAB8154740C1991C6B239CAE05FB86EEC92F5DB3367DA0', '1970-01-01 00:07:38', 'ocult', 822548139, 1367365774, 986),
(13, 38, 'Omnis ipsum voluptas. Modi.', 'Numquam voluptatem et. Voluptatum!\r\n', '2560x 1940', 'ionareenthad047.mkv', 1044010060, x'141D07020069C7604D33A76B6E0194B9E2C54D28AA18F47F738337B634670D0EA5D0E32925C13D2BF6ADC5CDCA2FE404D04E0177D3E88827597A19EE6DC2A4F32919560547B1F0FD691CA10A0208EC062A88DF13A970FA5EC283D9847F9CF413E3CDAC0401D29C8D0E00DB6756A237C36D09A48B2D2DF0260F0664A072B721313C081754061CD884', '1996-12-29 21:35:30', 'privat', 901697455, 77, 8177),
(14, 29, 'Quisquam quod odio delectus beatae.', 'Ea tenetur consequatur. Fugit.\r\n', '2560x 1940', 'thion.mp4', 475, x'5265CEC8140C48DD8A254D8DA8BF1D67474EC243D10B1DEC035A9C4F1EA54D100827E26D7D16BA156BF85ED825B83C311E0F296B1506050612D7DF0B2777011B5356CE61C74EE385BE8F39294AA877E52155610241E2C804CFD905099070B21660539C988C2306C644013DDC36768B5552A01750E023EB1E0012A4CE9C3FC03663374707040603AECCA18940', '1970-01-01 00:07:56', 'ocult', 1010562227, 1752189182, 0),
(15, 5, 'Minima non laboriosam. Ex sunt.', 'Repellendus ducimus est. Voluptatem?\r\n', '1920x1080', 'eatohenon2.avi', 1301152901, x'2D05010151E99F9C2AD8576A1289D206C3D0AA97027C080ECA63650044350B5FC8830309099B08E8C20BE562007299867D1B555A9DFE49704F350904B710070AF0392D84750525635878529A6DF8BD010B0B632180DF08782E5753202DEFC1AE4E29635F7FC212C15EB738005CD6572E46729E848FA1B3E6D1C105D0A8CFF22D148ED9230607F6808BE3DA31A5C300', '2014-11-24 13:23:16', 'ocult', 538, 71, 1026883243),
(16, 43, 'Minima molestias sed. Obcaecati!', 'Distinctio vel reiciendis. Qui!\r\n', '1640x1200', 'nditingtio.mp4', 1167233120, x'6F19095D4905071A9109324E047169EFB6DF29B6138ECE8C28AD653CC47EDD094C0FD58A5F04D4AE77B7A005E70824A8BC3304EE11355829CB44CFF1DA53C75F851F71A105208DBF0D058DD1B5FB7F8728', '2010-03-03 01:35:48', 'ocult', 1, 464587320, 2315),
(17, 40, 'Quia nesciunt voluptas.\r\n', 'Rerum possimus et. Natus aut iure.\r\n', '1640x1200', 'eveithme203.ts', 445767566, x'242AFA1DEB03EB093E4F866066250DDDBB53F42A92F6C3EC9B4D3CDFE1', '1973-11-13 04:29:33', 'ocult', 108202238, 1310418252, 2693),
(18, 4, 'Est quasi rerum.\r\nQuo tempore ut.\r\n', 'Nobis veniam explicabo. Distinctio.\r\n', '1640x1200', 'vehatwaes847.avi', 1699257580, x'5F09BE2855EF62E18B455B062B5CDC59BA4E734AD109BBE1FA4C2BC2EBA2', '2007-09-16 08:41:10', 'ocult', 1966492090, 82958199, 659860229),
(19, 42, 'Quam iste consequatur. Dignissimos.', 'Mollitia id rem. Dolor optio eum. Id!', '2560x 1940', 'omeere7.mkv', 745797140, x'05934BB273CCF1049675C8262011A15EBA', '2001-09-04 23:56:57', 'públic', 361, 190387362, 419258204),
(20, 43, 'Ut eveniet alias. Officiis!', 'Beatae debitis neque. Qui voluptatem.', '2560x 1940', 'rebutatare.ts', 1712794899, x'D30EC9F3016EA2340F1A5D2C5CFAC4D828B67E5001F1813EDE3FCC7334CFB6034CE1F8A304A484B7085A0A6C865BD7A81A0448268C1E0451FD', '1983-01-09 03:41:07', 'públic', 1304778702, 9, NULL),
(21, 5, 'Qui enim deleniti. Mollitia.\r\n', 'Magni soluta quisquam. Eos vero dolor.', '1920x1080', 'ashatited.avi', 4, x'291B29290819EF0265842B3C43C1885D9A3C019C1648FF3F5121A481215CA6940207C3F6516A21E7D8FA592B6A7E976D91BE45D1A8ACD28FEBC648E4C9CC2C22A96438E0691585DD800C5E9457C52E07432B4B09D83E221B8B190D3D54086505', '1970-01-01 00:00:05', 'privat', 1572187362, 264423885, 5604),
(22, 14, 'Sequi unde quidem. Ab nam maxime.', 'Aliquam aut quos. Enim ullam?\r\n', '1920x1080', 'itithtio4.ts', 585, x'01', '1970-01-01 00:09:46', 'privat', 1941167009, 1227808073, 1648089064),
(23, 1, 'Natus et consequuntur. Fugiat.\r\n', 'Unde et reprehenderit. Ratione.\r\n', '1640x1200', 'atreuldre.mkv', 8, x'C33B1A02FA3A1D381D2AC04F64B0620242BB8ADAA3999C09A77D1809C3057237792E19F642BB37BA8706010D87339436CAEFAF1D730518B083DC8A5A8B162CBC0062D131A5DF801D07002D421B443B1D04DAA9711161E308DB043A7C3BE9B8D1CF43C4EF98A882CD8305118E949D9FD5E6F412F699F44FCD08637B087769CA8BDBBB8DDF00327C4B1DB11BA2D014462CC2944FE5029D2E2791E4119D446FF40229EB067CA3454A9CD48CFD023AFB', '1970-01-01 00:00:09', 'privat', 9, 365, 685),
(24, 1, 'Voluptatibus numquam vel; suscipit;', 'Earum cumque et. Sequi qui?\r\n', '640x640', 'ntedhisst.ts', 960100118, x'987B1DCD2E082495142A0D08A83559360B82D7AFD207CBE95BAFA771E2CB58E45E07508BE3A1D76809C026AC5E5761', '2012-10-05 09:41:30', 'ocult', NULL, 1578907936, 3),
(25, 37, 'Iste libero doloremque. Ut?\r\n', 'Maiores ipsam totam. Repudiandae aut!\r\n', '640x640', 'metioshofor.mkv', 950, x'EC3F0549C204E902533A50DE00B1AE0957357BBB59B79007083C0498FA76EE3B7C1CE68EE8594605AC0506CCE6120DEA2155EB297B781E7613F3722110D74C2F35F1890457A5BACD9E8C5631C1580D3609A1BFBBF72C91718DEDB748B3914852A0200BA4020C08DC02E26775C0732FA593967C314A8B042409D86AAF6D61D33AFE261DD1459D24', '1970-01-01 00:15:51', 'ocult', 2424, 1428400629, 1309350631),
(26, 33, 'Vel praesentium eum. Quos quia.', 'Iusto sit accusantium; dolorem ut.', '640x640', 'tinting.ts', 424880915, x'04DA3360B2A48126F308E197735581A1EB6BB603D26A2282C3377202B02F6507BD50B1970111C4095BE7328C32178B18EFE867640328A2B1249B0CB8E31008090D05FCAF03116DB24641D37A222C007ABDD4144CBF4B4266041D374E41FD169D1AFE48F89C074485B5F7CDA1080443DD0F1A62F0B35190666C321E007B1A5E5A782DB231F6ED3F04CF5311EBF75E58FCCAA9006C893043FC746052EBB30C653EBD80CE606A3B5E67052AC1B23636022BF0B6040602AF4CE4890731BAB200EDBFE3', '1991-01-19 12:25:45', 'ocult', 1276663198, NULL, 122604857),
(27, 46, 'Explicabo nam et. Error quia.\r\n', 'Sunt sed ea.\r\nCorporis quia nisi; sint.', '1920x1080', 'omebutwaeve.avi', 1547167170, x'5FA6BF090390DB3D9107AEB326B606CDF187E3E216620D9684ED085D1FF9B405CB30086BC090F4AC090D4A480B3D3794C31E52A863DB7737F2BC02CF724239AA8791AF000695780811B42CF099CEB4F62D3CBF750207FA822AB4FF0614098284CB4E02DB1A5F5704871638F7E8E32DCB66875E317216F4E4D32E3EC59294CB5B508B4493FE25A607320C9689BA06625A26E42D1604E3FC5909', '1996-10-26 15:06:57', 'privat', 1803487041, 2005, 58076601),
(28, 19, 'Ad a amet. Non aut saepe.\r\n', 'Ut non ea. Aut dignissimos qui.\r\n', '640x640', 'verarinter1.ts', 68748130, x'52201D1D9ED2E94AD63D77788003F6B3048F37A3BD661D4C447AA0077105A38C67D46CC35F934D22A474D876F5050D483D645A21C74B092F46D4E2690E38ACE7C9F3077E264940188227C6092A3601D15583CF0CEAA8F6FA03982616F010743E0907A40C3F343D026906AF69B5FCD3E3DE38B296D2AC43FC535E1AC7267AB965E76308', '2000-11-08 19:57:04', 'privat', 1393290388, NULL, 3710),
(29, 4, 'Maxime quas qui. Omnis velit.\r\n', 'Vero est omnis. Et non in.', '1920x1080', 'asouan.avi', 8, x'9138211D163D8183BE676945CE2AFE190611A24E0524', '1970-01-01 00:00:09', 'privat', 485470123, 900762811, 186757440),
(30, 23, 'Explicabo modi error.\r\nVoluptas.\r\n', 'Vitae et ea. Et sunt quisquam?\r\n', '640x640', 'measherted.avi', 63166327, x'6020708C7B6DFE49B84A5E1B3B10C4A9627AB7D75384AA1E9B4104A31056D9288240D9720DFB509CE89377D6C4050905AA24AB51E713045C03E37EB0EBC8', '2002-12-04 23:12:38', 'públic', NULL, 75, 1983129840),
(31, 37, 'Saepe quam qui. Eos assumenda et.', 'Veritatis error praesentium. Fugit!', '2560x 1940', 'tohin66.ts', 1801822376, x'4EA0A80645FCB101E56014CF139527291BC36E53E90607481512006D09CE5D8815218036016E2163D91674867FA9F683DA070617335FC893008445C3240320FB04759A28CC3367DE41F6D458069734CB059DF7AB5CB36CD251', '1974-09-30 06:34:54', 'privat', 472428874, 128608165, 7),
(32, 12, 'Doloribus molestiae atque. Et sed!', 'Illum ut voluptate. Qui placeat et.\r\n', '1920x1080', 'ingleereng813.ts', 92, x'44F36D06292C40E7', '1970-01-01 00:01:33', 'ocult', 1803129869, 709630961, 75),
(33, 50, 'Dolorem minus ipsum. Laboriosam.', 'Voluptatem eos rerum. Libero non.', '1920x1080', 'meat.ts', 1247977262, x'B6EA9F7E081A6F026832AA06AF561B31BF98039A8B8A25FD37876ED4BD7A4408376052A9143E5323E53A4FD393892896150652452E0766D0709818C3C38E64F9A601', '1989-12-22 18:50:41', 'ocult', 23, 314067309, 1257119800),
(34, 19, 'Voluptas recusandae molestiae.\r\n', 'Explicabo nulla quo; error nisi quasi.', '2560x 1940', 'uldntbuton224.mkv', 1063094169, x'9C2B013AB67C07146202A69C86DF94FCFF56FD5D072CC2FEA2A98A52037E53A810F764E2F524A9072D023F06E5BAD00A0E2E41ADF3885B761759B68E8402C08CECAA0E7F2577B0410009A268DEF80603C4037F71BB643106B6D06D204CF01E0C8303464FA31B6342AEA416785F8DEA118D5CE7364CDAE31D56E2B1D330E3686C3C72636AC468762CEA074F32677E4244EC4B682E2292502EBF02891BC5EE', '2006-08-08 01:22:38', 'ocult', 93, 1368011278, 2093781791),
(35, 36, 'Omnis veritatis sit; expedita.\r\n', 'Ut ipsum et; non qui consequuntur.\r\n', '1920x1080', 'hatver13.avi', 118123579, x'D00DA7FDB3E6AAFF03B9DB3E999744B18C55CAA2D6BE07AAD63453D881CAA28F6769F805935E4261BC53D38C8F48E6A775D6B88440B1', '1979-10-03 05:02:34', 'privat', 3, 2055279439, 378182452),
(36, 35, 'Voluptas ab veniam; nostrum.\r\n', 'Sit et pariatur.\r\nDolore qui quibusdam.', '640x640', 'estheve0.avi', 95, x'77527A2460FC5E887287AAAD3B5C1503F447F50E185FBE35A13C2DC91633B303664F71AAFFC6A3D7D6C259BA011AC9315CFC913DC6921CF1D8431675B43E4800AC29009D452C1FCF94019A19B67B9A55B0C6D6B105DACE547006D36BCEB40FF81903B2520132CEEFEAFE828552472A5238718F5AAB47FD06D6321EDD87470C5C792FB909CBF66F1FA830F414EB5FE5CC3FA83F9100203C8D3336F140E884169B9EE36D2A4D44045C6287BFE17F34A7828156C8', '1970-01-01 00:01:36', 'ocult', 668, 158122371, 1095295389),
(37, 35, 'Aspernatur repellendus eos.\r\n', 'Sed consequuntur est. Totam esse ut.', '1640x1200', 'areraanhi.mp4', 43773124, x'39880606BBF8B87E882853404F1EDF0147050118070D63393687F6D98E9D14ED46591A438B7F2F0C5413CE19E006A5897F43EC60FC40019C1E33271901D4507D260404A138E200A06612D05304E5C04602A981DA645F65513D01597F13220894B180FB5E405F0099060E9C23011C47FD2F15E53B454A64C0D68F9E7DD466', '1988-04-15 16:05:01', 'ocult', 9962, 1235886308, 1820597088),
(38, 6, 'Id nisi ullam. Quam eligendi.\r\n', 'Tempore impedit inventore. Excepturi;\r\n', '1920x1080', 'areiseraand517.avi', 1607550554, x'068C9609370A1B6468AB922B6E398529AD7B7AD76896E47E646505F2E9317EE01C8001031F6A37BF062BF201E25E696C0934158780066805FE4C02DE1403B4AE739D251431BDB8545F3D6495B84424EE0508D85BADED3F979D4B08FECF1677AC032022CC92E4157C70057123F8412A07E494066FE3EFDC72A3AF62C98D3B211FCE9E85CFD8FB0605E2735BEC4D37DE06780691ADF17687E160E85E580F159E8235EE7CD09A01B0079C06976C49E2DEA5616502CCC1E3', '1994-01-25 00:14:50', 'privat', 261, 5701, 1812275763),
(39, 1, 'Provident consequuntur enim.\r\nQuia.', 'Cupiditate enim ipsam. Laborum est rem?', '2560x 1940', 'atreion603.ts', 66, x'C9134362F88EC3F66192C4DFE3926CDC7B54E3B398B96F7B4DCC9E1F779E039AA41522476E0F31BF37BEB9AE8353720634029E3EAA5E044F0F60BAB5A902B17085658E9977FCA5E274CB970344C8E649B158093B056104D41E02BC029E7F03AB3126', '1970-01-01 00:01:07', 'privat', 475926829, 908080534, 1340234239),
(40, 16, 'Veniam voluptatum placeat.\r\n', 'Nisi non ut; deserunt magnam et.\r\n', '1640x1200', 'oulhaoular.avi', 34467871, x'16AAAF6FAD97381804A8DED68F0FDF9C26183D980EF58F3415560E4305748323962702E3E9F48708CB1FB59B5C906244B55A3F880ED8273D00279E9FBA7C06CA135E443515AA494283F06D07320CD70A7DB2F44D0521954C2008BE3DE403A85E02A34D62125764057BAB50772F844A453D69F9237C138808C5', '2021-10-27 13:13:52', 'ocult', 1, 801835169, 1472719300),
(41, 31, 'Architecto maiores culpa. Qui.\r\n', 'Est sequi perferendis. Ea sed ut.\r\n', '640x640', 'youtethaoul.ts', 18, x'4E4DB8680280147B3D074E7C8EC9E645D31E7E9548F6C859FE2348AE03F8F4DB104B9F6D72173470AFE2700734FA2C39FA2108E1291908BD04B4B119A32546F52CAF170457C397DDE1098CB315AC01A162200106053ADB08197E9C757C030231D23754E0DD9E1967231AC9AE4F7802B5713D86B14400AA20B7084454F253EA1DB8', '1970-01-01 00:00:19', 'públic', 3766, 8, NULL),
(42, 2, 'Quae aut incidunt. Iusto magni.\r\n', 'Perspiciatis velit est.\r\n', '640x640', 'uldheresbut.mp4', 1337879755, x'04403605BD37322B0B6AB5800B0117036400046E747D3718EACE0600E038AC3D9623FE9D324C556378172B5E16C86695F55B0D9F0780B08C915D3BDA3AC7500C85235A027B21AF1705F8F96A084274866B94082C4DDD55A1735E436A73D02B0207', '1987-12-29 14:34:49', 'privat', 773775118, 909440308, 1650465152),
(43, 4, 'Et ut error. Ea vitae nesciunt?\r\n', 'Nisi ab tenetur. Reprehenderit!\r\n', '1920x1080', 'hadareandere.ts', 606, x'90CA5F1C9D7AFE75070137081D85F510BD404BB46C66AE6CCA635FA5D3A207F0033DC29C04760DE571B5DD69AEE8543DAAC5FEA62CD15DF0E70FD93A89D05A03E7D87B425F095CE8A5794810062894786B48074CD2099154C40249818199771BD4D23513118277DE5E99B4171B2768062684870968946CA0A3DA4E74E41F263E2F02737AA3E2A22CB309D2500F392AEFECD2545C3152F87A8B32A6A4A7A9A9AE54323B0C5001E17B0AFDC32F350006654432850C9885E6B10499FF26E706A5E011B23F', '1970-01-01 00:10:07', 'privat', 544712993, 55, 1612757186),
(44, 10, 'Qui ea quis; autem cupiditate.\r\n', 'Ullam natus voluptate. Amet qui alias.', '1640x1200', 'ouleaallsho60.avi', 840112353, x'6E67103CBDB983D20B9102B0D7263680410434562F92D3041115022D0902FB17E49E7AC351FFB1B3014C1EF3DD85066054E91D8BCF7F069199C810352260EF74EE069B54FAE434668AA8D74D56C90001B0018E454CB93FB502A1E004051A0968034BCE9D348D08F46338BF27489B362B80BA95F9', '1978-03-25 20:24:33', 'privat', 1713116905, 2088354055, 1058203574),
(45, 43, 'Inventore repellat doloribus.\r\n', 'Doloribus quis et. Obcaecati;\r\n', '1920x1080', 'oulti982.mp4', 96179371, x'C7D8005D585C633A970468B994AFF4B599509AC399D2501C12FE11737CC0FD660E6F2373A36C38EA5057A55E443E2E363AA11304698AE6566916016B46ECF935070114EDC6680892016EA7B40B4DDF561C09BD2FB935AF772C2A27A770BBC8B11C1E87522A7243BB097336984F078729FE601AEE9B3E316B081F82D5A1F593A004E7AA0507BA5E576A56A807E805080CECC91481DF62E36F460736A0275374F1BCA9B8CFE43E32545A0225409844874686E333DA5C383408A6EB', '2017-03-02 20:13:32', 'privat', 767732493, 343274739, 65),
(46, 5, 'Est rem aut. Assumenda ut!\r\n', 'Perspiciatis commodi expedita. Sed?\r\n', '1920x1080', 'astinefor64.avi', 804116973, x'A650F46399E7E4869A25D1B68209750CE81108DA887163E98C9E94769EE4B8C50C1AB4E096061D8FFEB633E873AE404904F90097154A0E072D48C1009F9F6C2034AD8A48DEC56FCA3C09C500000690EAD5F04F1905A74CA02106061F75839C2898E8782D070306AF059F52C35DB2BA5631094B144E2B7AF120B420D2DCCD7F4E3BCD1C54FB3239443A2FD8D29DC7E2AAA767D8546A57360D777424A0A63FB3C352A3108363E72247AF12B215FE7A5A', '1994-11-05 01:54:01', 'públic', 1654302232, NULL, 0),
(47, 47, 'Esse est omnis. Amet quia id!', 'Iste possimus quia.\r\nNumquam.\r\n', '1920x1080', 'youareforit1.avi', 1356391391, x'0713380047CFFC5CDE75CD8FBE2987C7187794E8EA05E6961904812514F3B509DC303D63084E0197C428ABAC33C4EE554F554A0B0A12885777013EFB12E74B01CDE6082124C7A5848E7C9102F1634C011FD13FE56E74DB5F498CA6B984BF60E5B0413601044835C546BB61F11508BDA8F33B02A33CE417AB1FD9BF110082F2B704CC2638A5C3EEC1BD2FBBF65404DF9DD1D8DC869B36ABA2E2748E743E676D3266F91A02615D0217', '2005-12-31 02:36:08', 'ocult', 1202728062, 7517, 2045072986),
(48, 49, 'Aut aperiam consectetur.\r\n', 'Ab sit magnam. Vitae perspiciatis!\r\n', '1640x1200', 'hinwaster.mp4', 1520071549, x'522503F5A264EA7A792D1CCD7B6B000455D9483D9E77D8ED11CA2D347BC51CB991F2BB40963FB431BB71524DFFF306DE036307354E2923C2CE1529972745978CDD65879A67A60135803D357892053355DE36984F88DA91177E660BF618A6F33D17', '1996-01-09 05:04:46', 'privat', NULL, 8981, NULL),
(49, 37, 'Qui maxime in. Nobis optio.\r\n', 'Et ut nulla; rerum nihil consectetur.', '1640x1200', 'istedseuld.mkv', 207222894, x'1FE1F0DA23A6CB9CE5037A47FFCC28322603CA49065B8DC34749', '2016-08-14 00:52:32', 'privat', 1591392538, 6, 507427119),
(50, 35, 'Laborum et accusantium. Debitis.', 'Nisi ut qui architecto assumenda.', '640x640', 'notarverhis.mkv', 861243045, x'3AF746ADBC3FC2B60661D0860A78D1A22B517FA3B2570223889E27F6B73EE2FB04AA450210078346684DCA3F', '1982-07-03 18:57:39', 'ocult', 2776, 562, 420971648);

--
-- Inserting data into table comentaris
--
INSERT INTO comentaris(comentari_id, video_id, usuari_id, text_comentari, data_hora) VALUES
(1, 24, 3, 'Molestias voluptatem dolores. Perspiciatis dolor nesciunt cum iure saepe. Corporis voluptatem sed veniam qui rerum labore natus cumque. Modi ex cumque quia aut tempora omnis! Quaerat assumenda necessitatibus et? Cumque voluptas cumque. Eos sed quibusdam doloremque...\r\nIllum maxime et natus ut eveniet atque. Iste sapiente aut dolores esse error.', '1984-01-05 12:17:00'),
(2, 10, 23, 'Nobis nostrum veniam. Et eveniet dolores. Illo ducimus quasi? Deleniti ut soluta. Accusantium ut velit.\r\nEst ut autem. Accusamus consectetur aut. At quisquam autem; quam repellat fugiat. Molestiae laboriosam molestias. Ut quaerat explicabo? Odit nesciunt et. Iste quibusdam sequi.\r\nDolorem cupiditate quam. Minus unde sed! Minus sit nesciunt. Et omnis sapiente! Est a nihil. Culpa deleniti et.', '2015-06-22 10:06:27'),
(3, 21, 18, 'Molestiae molestias ea. Autem doloremque quam. Enim non eos. Dicta quas ipsa. Ipsum unde nihil. Rerum accusamus debitis. Voluptas rerum cumque! Nam perspiciatis consequuntur; placeat quia fuga.\r\nItaque vero incidunt. Ad maxime asperiores. Eligendi ipsam architecto. Cupiditate alias suscipit. Laboriosam molestias voluptates.\r\nArchitecto sint laboriosam. Quasi ipsa vel? Tempora nam ut! Possimus;', '1970-01-01 01:19:23'),
(4, 28, 42, 'Nulla laboriosam enim quas, architecto a deserunt similique voluptatem perspiciatis.', '1986-01-30 04:34:02'),
(5, 34, 20, 'Eveniet ullam sapiente et vel et sed reprehenderit. Aut dignissimos illum facilis alias voluptas animi dolorum. Nihil perspiciatis doloribus vitae nisi ut praesentium incidunt! Nisi error ut. Nulla laboriosam quia. Neque dolores quidem. Odio assumenda id. Nam est et. Ea sed et. Porro debitis voluptatem.\r\nVitae facere ut. Nam omnis sunt! Consectetur cumque dolor.', '2019-08-09 12:53:13'),
(6, 14, 46, 'Consectetur ipsam sit, ea minima totam aut blanditiis est sed. Quae exercitationem dolorem nisi reiciendis quam est ut at sit! Minima cupiditate corrupti perferendis ut autem obcaecati, sed natus aliquam. Nihil minima aut eius nihil explicabo qui doloremque totam tenetur!', '2014-10-28 04:50:43'),
(7, 13, 30, 'Ut maxime aperiam delectus ullam consequatur. Autem perspiciatis odio voluptatem consequuntur reiciendis deserunt? Vel ut nostrum sit veritatis error. Delectus repellendus praesentium? Deserunt est commodi corporis excepturi laudantium aspernatur consectetur voluptas laborum. Repudiandae dicta veniam veritatis assumenda perferendis voluptatem error consequatur soluta.', '1972-07-10 23:34:15'),
(8, 39, 18, 'Nemo rerum quia unde nam. Inventore dolorum perspiciatis sit aut dolores sed! Iusto labore mollitia error ut aut nihil dolorem omnis. Eum at, ad sed voluptatibus sunt suscipit est laborum laboriosam. Eius sint aut rerum aut ipsa id rem. Aliquid voluptate quia; dignissimos quam excepturi. Nesciunt rerum aperiam. Sed voluptatibus voluptas!', '2004-03-24 03:19:28'),
(9, 12, 19, 'Tenetur adipisci et ut tempora culpa cumque et; sit dolorem eligendi, voluptatem recusandae qui quas quaerat officiis corporis.\r\nSed inventore voluptatem ipsam eos perspiciatis nobis esse.\r\nArchitecto praesentium ut unde. Voluptate quod rem quia expedita. Maiores iure culpa vitae est error ut. Voluptate fugit ad sed aut! Sunt voluptatem iste excepturi ea voluptatem consequatur odio voluptatem.', '2008-11-17 17:06:10'),
(10, 20, 47, 'Unde molestias id. Officiis adipisci odio nisi et sed quam. Aperiam dolorem est. Accusantium velit numquam explicabo ex ad vero? Eum facere ipsa sit quis earum ipsum a qui. Sapiente dolores libero repellat fugiat esse quia. Eos ex maxime in saepe, et aut omnis pariatur quia.', '1970-05-24 11:27:44'),
(11, 8, 39, 'Natus perspiciatis odit quasi tenetur voluptates. Tempora minima sint et non. Ut accusantium laboriosam debitis incidunt sit dolorum. Voluptates error omnis quasi quae veniam? In sed distinctio quod ut saepe in rerum non! Aut ut quia est maxime asperiores aut perferendis ut.\r\nQuod cum laboriosam.\r\nEos omnis deleniti. Incidunt nihil sapiente? Iusto non iste...', '1970-01-01 00:00:07'),
(12, 4, 3, 'Quod impedit illum adipisci et sit. Dolore voluptatem dignissimos. Debitis dolore accusantium nihil nisi sequi unde maxime et. Eveniet autem cum. Recusandae ullam eius dolorum.\r\nAutem magni veritatis numquam qui; sit voluptas perspiciatis laborum. Ea perspiciatis soluta sunt voluptatum voluptatibus molestiae...\r\nSed voluptatem magni. Magni velit qui. Odio aut iure.', '1983-07-23 04:59:48'),
(13, 31, 27, 'In assumenda sunt consequatur aut optio. Odit omnis dicta. Nisi quia rem iusto aliquam minima aliquid! Error voluptatem unde id eum dolores unde magni. Dolor quisquam consequatur quo ipsum natus, accusamus aperiam exercitationem unde. Illum minima facilis. Modi incidunt amet? Voluptatem hic tempore. Accusantium nobis sint; illum dolores voluptates.\r\nSed dolore quia.', '2004-08-17 12:09:56'),
(14, 27, 11, 'In sint vero. Blanditiis cum nemo? Omnis quod magni. Error repellat assumenda. Necessitatibus quia itaque! Reprehenderit fugiat quisquam. Quos omnis sapiente.\r\nSimilique doloribus sed. Velit voluptatem magnam. Rerum et commodi. Hic corrupti aperiam! Aut ut error. Atque est error. Repellendus voluptatum id. Sapiente neque voluptatum! Placeat iste dolores.\r\nEos quisquam iste. Consequatur dolorum.', '2006-05-22 02:40:54'),
(15, 29, 10, 'Quo autem sit quis reiciendis natus iure modi ducimus. Veniam quo magnam iusto unde aliquam enim facilis provident.\r\nFacere nam magnam. Ut tempora sunt!\r\nDeserunt libero omnis. Autem aut et. Ut enim et. Eius quo voluptas; magnam quidem et. Eum at cum. Sit perferendis voluptatem. Earum nemo eos! Excepturi voluptatem doloribus.', '2002-07-30 03:02:52'),
(16, 33, 19, 'Dicta dolores commodi. Natus perspiciatis illo. Odit quo autem. Nemo perspiciatis et; eaque omnis delectus. Animi nemo sit. Est maiores unde! Quia eligendi voluptas. Quia ut magnam. Et architecto nobis.\r\nAt enim vitae. Velit possimus quaerat. Ab repellat ipsa!\r\nPossimus similique at. Quod odit unde. Natus tempora officia; quia aperiam autem. Sunt pariatur modi? Magnam omnis quas. Consequatur.', '1990-05-07 08:51:11'),
(17, 26, 2, 'Provident ipsam aut qui deleniti ut inventore molestiae mollitia. Fuga cum sunt? Error fuga repellat et unde sit ad. Explicabo incidunt velit est ut.\r\nDoloremque perferendis doloremque temporibus odit iste. Sed suscipit et. Consequatur nobis enim. Delectus magnam perferendis; sed earum quaerat. Facere quia optio. Unde et error. Ipsam sint voluptas.', '2008-08-31 13:39:09'),
(18, 38, 34, 'Expedita id nemo neque cum ab itaque.\r\nEst nesciunt molestias unde recusandae odio voluptatem. Ut eligendi odit libero error sed voluptatem! Dignissimos aperiam corrupti.\r\nQuisquam eos aut. Aperiam ullam est! Sed fugiat illum. Rem qui consequuntur. Dolorem explicabo obcaecati. Alias error omnis! Nesciunt molestias dicta. Omnis magnam eos? Iste sit impedit.', '1970-01-01 01:00:32'),
(19, 33, 29, 'Natus officia architecto. Enim qui dolorem nisi amet aspernatur. Sed possimus suscipit dolor. Eos est eligendi explicabo.\r\nLaborum labore sed tempora vitae quasi officia aperiam et fugit. Consectetur voluptas voluptatem. Sit quam facilis! Odio vel voluptatum. Asperiores ut itaque! Tempora sit et. Cupiditate aut ipsa. Temporibus assumenda et. In natus sunt.', '1998-08-10 12:18:09'),
(20, 13, 24, 'Eum sequi repudiandae aut accusamus laudantium esse nostrum atque. Praesentium optio earum in. Aspernatur ullam dolorum doloremque! Iste esse exercitationem quos perspiciatis et est possimus ea ad. Aliquam illo quaerat dolorem id sit natus ipsa rem aperiam! Ullam culpa nemo non nulla quas rem. Necessitatibus corrupti qui. Voluptatem illo dolor.', '1984-07-19 16:15:19'),
(21, 28, 14, 'Natus et iusto cupiditate aspernatur omnis aut sed. Omnis nobis quia. Rerum a velit. Eos neque qui? Cumque aliquid voluptatem.\r\nEarum voluptatem et. Consequatur accusamus fuga? Molestiae numquam non. Voluptatem quos quis! Repellat modi perspiciatis? Odit quae reprehenderit! Facere ullam quia. Facere voluptate perspiciatis. Sed non sit. Error enim tempore!\r\n', '1978-12-05 21:29:15'),
(22, 2, 10, 'Perspiciatis sit tempore. Optio culpa, enim quia est rerum nobis corporis aut voluptatem. Nostrum voluptas facere quia eaque in velit rem incidunt deleniti. Dolorem obcaecati possimus. Voluptas dolore soluta. Minus dolorem consequatur.\r\nMaiores fugit qui. Totam ut pariatur!\r\nSed qui dolor. Sit et beatae. Consequatur error et. Iste vitae aspernatur!', '1970-11-05 12:23:48'),
(23, 36, 33, 'Ex provident, omnis ut consequatur officiis repellat atque est asperiores; minima non quia, tempora dolorem et exercitationem modi magni a.', '2008-04-10 06:36:57'),
(24, 47, 12, 'Et vero omnis ut reprehenderit atque est natus. Sint deserunt natus laudantium eos quia omnis. Voluptatem dolores totam libero magnam a perferendis saepe veritatis? Labore voluptatem dolores error est ut. Et facere nisi sequi nemo omnis quae magnam. Amet aliquam deserunt; architecto rerum corrupti? Iste quae earum! Incidunt voluptatem inventore.\r\n', '1970-01-01 00:14:28'),
(25, 43, 15, 'Perferendis ut aut doloribus a iure cupiditate quaerat. Error voluptate sed ipsum voluptatibus sit! Qui incidunt aut rem alias. Error quia laboriosam. Repudiandae voluptatem est! Ea exercitationem et. Non voluptas maxime? Et ab mollitia! Magnam facilis itaque.\r\nDolore illum qui. Dolor debitis quis! Nesciunt hic sunt? Ut doloribus impedit. Ab minus vitae.', '1970-01-01 00:00:07'),
(26, 26, 34, 'Et nostrum perspiciatis quia.\r\nAsperiores unde autem iste et; voluptates vitae nesciunt aperiam. Repudiandae magnam impedit et omnis est nulla ab! Inventore minus nihil deleniti dolores doloremque. Commodi ducimus quod nisi sapiente omnis? Facere vel sint et eum voluptatibus praesentium. Consequuntur odit dolorum; officia vel voluptate. Optio error qui. Non labore voluptas.', '1989-05-28 21:50:30'),
(27, 41, 32, 'Neque totam dolor est iure; ut totam necessitatibus ex ducimus hic corporis voluptatem? Iste cumque tempora quasi molestiae voluptatem.\r\nInventore ipsum et enim est nulla ut. Magni enim perspiciatis id eum!\r\nQuo omnis voluptatem quas harum et nihil adipisci odio. Culpa consequatur unde autem; est recusandae explicabo error eaque rem.', '1976-08-01 19:20:55'),
(28, 7, 20, 'Consectetur fugit est. Magni quae omnis. Ex ducimus unde. Ullam iste dolorem. Incidunt vitae aliquid! Repudiandae totam accusamus? Impedit sequi ipsum. Placeat corporis omnis. Neque a accusantium; incidunt impedit magnam.\r\nDolores non perspiciatis. Et ea aspernatur. Officia eos aut. Exercitationem voluptatem ea; in et nostrum. Quo unde voluptatem.\r\nVel eveniet perspiciatis. Nam et ratione. Aut.', '1978-11-07 23:51:13'),
(29, 7, 34, 'Voluptate sint harum. Dignissimos asperiores illum? Placeat laudantium quisquam. Dolorem quia et. Aut omnis ipsam. Dolorem officiis est! Nesciunt sit necessitatibus. Expedita officiis quod. Pariatur neque aut.\r\nItaque voluptatem exercitationem.\r\nEum placeat sed. Rem dolor culpa. Dolor dignissimos velit. Ut recusandae quibusdam! Ipsam commodi perspiciatis. Incidunt ut consequatur. Voluptate!', '1970-01-21 22:28:13'),
(30, 12, 36, 'Fuga sunt facere expedita perferendis natus facilis illo sit. Sit odit quis voluptatem aut. Ut vero provident natus sed voluptas ipsa. Et sed voluptas reiciendis quia! Sapiente ut vero qui eos delectus suscipit aut minima quia. Accusantium voluptatibus aliquid quibusdam cumque unde et illum laboriosam ullam.', '1970-01-01 00:00:12'),
(31, 15, 5, 'Dolor ipsum autem aliquid dolore voluptatibus. Accusamus qui atque perspiciatis enim voluptatem hic pariatur.\r\nQui expedita est magni autem. A qui distinctio; et qui saepe quod sunt.\r\nEt facere magnam inventore reprehenderit nemo doloremque nesciunt tempora atque. Atque sit quia. Non consectetur ducimus omnis sed iure nulla quas.', '1991-03-26 14:17:15'),
(32, 10, 16, 'Iusto ut ipsum debitis labore delectus sunt quaerat aliquam ratione. Sit quia alias dignissimos totam nulla consequatur veritatis qui neque! Mollitia velit optio iste voluptatem animi sed sit ut facilis. Ea ut, cum quo consequatur voluptatem omnis saepe ut minima!', '2021-08-25 11:39:59'),
(33, 33, 8, 'Laboriosam qui et. Error neque adipisci; officiis quidem ipsam. Nostrum voluptatem rem. Qui sed error.\r\nTempora quo quisquam. Quas fugit eligendi. Et dolor quia. Sit omnis dicta.\r\nSimilique sed non. Quas eum veritatis! Omnis quia dolorem? Accusantium ut magni. Omnis sunt possimus. Qui non omnis. Perspiciatis ut aperiam. Et aspernatur tempora. Laboriosam sunt saepe? Officia at suscipit.', '1994-09-03 07:32:51'),
(34, 35, 44, 'Labore omnis aspernatur fugiat perspiciatis at cumque quidem. Eaque excepturi cupiditate id sint tempore provident modi corrupti.\r\nEst voluptatem maxime velit natus maxime aut. Voluptate vel perspiciatis. Quisquam sed quod nisi ut aperiam omnis dolor molestiae commodi! Quibusdam reprehenderit cupiditate. Animi aut quis. Voluptatem rem enim? Magni sit est. Tempora et aliquam; magnam qui numquam.', '2019-10-17 14:18:38'),
(35, 44, 10, 'Delectus qui magnam. Molestiae velit sed. Ut minima quia...\r\nQuos veritatis consequuntur. Maiores suscipit optio! Rerum non natus. Ut delectus maiores! Perspiciatis harum enim. Soluta rerum quis! In debitis earum. Id rerum consequatur! Sequi asperiores error. Ad cumque quidem.\r\nVoluptas et qui. Ut illum quis? Consequatur magni quam; ab et harum. Ipsam molestiae eum. Qui corrupti consequatur. Et!', '2002-07-09 11:16:41'),
(36, 6, 22, 'Vero pariatur quaerat aliquid sed voluptatem, laboriosam dolorem repellendus culpa; natus et nisi neque eveniet iusto voluptatem et exercitationem perspiciatis.', '1970-01-01 00:14:57'),
(37, 39, 1, 'Inventore dicta aspernatur rerum maiores ut. Ut similique perspiciatis voluptatem nemo molestiae saepe voluptas ipsum. Cumque enim itaque; natus explicabo non; iusto sint quasi. Aut perferendis voluptatem. Sit ea aut. Est nisi id. Ea voluptatem ea; iure sunt qui.\r\nSaepe tempore distinctio. Natus ut rerum. Voluptatibus similique quidem. Laborum et iste! Sed consequatur porro.', '1971-11-11 09:10:09'),
(38, 49, 41, 'Commodi atque tempore deserunt et, voluptatem error alias ut sit. Magni voluptatem, ad aut adipisci est doloremque quia doloremque quos! Tenetur aperiam ea sit nesciunt repellendus maiores rerum dolorem ratione.', '2004-08-06 12:39:44'),
(39, 48, 13, 'Aut error cum dicta minus iste ut ad. Sed voluptatem iste unde amet!\r\nEarum dicta reiciendis nesciunt dolore minima consequuntur minus. Ad provident consequatur reiciendis eos aut.\r\nVeritatis ipsum aut omnis ea unde aliquid iste est. Iste atque dolores ipsa qui et esse sed enim. Nobis reiciendis sunt. Est accusantium et! Ut architecto est.', '1975-01-03 14:17:00'),
(40, 6, 41, 'Cum quia corrupti. Quaerat est doloribus. Sit enim autem. Numquam corporis qui. Quaerat corrupti temporibus. Aperiam aut iste! Rem ullam non. Perspiciatis omnis qui. Nostrum vitae nihil! Quia iste molestias.\r\nPerspiciatis qui at. Distinctio consequatur natus. Vitae blanditiis commodi. Perferendis exercitationem dolorum. Perspiciatis quod dolor. Natus rerum at. Sunt tempora quae. A sapiente.', '2019-07-29 15:19:39'),
(41, 18, 5, 'Incidunt voluptatem nam totam laudantium asperiores earum iste. Et ut possimus eius. Repellat minus incidunt alias ut atque tempore praesentium ut. Quis totam aut alias explicabo? Necessitatibus magni aperiam consequatur accusantium fuga. Placeat nihil optio asperiores laudantium in qui quis quae in.\r\nIpsa omnis quasi. Exercitationem asperiores qui. Voluptatem nesciunt ab.', '2003-12-31 00:16:39'),
(42, 27, 30, 'Aut porro et nostrum autem aliquam sed dicta eligendi. Omnis cum accusantium perspiciatis molestias perspiciatis ut? Ut facere quae ut non iusto est necessitatibus aut nesciunt. Non similique omnis dolores fuga ad error ut dicta necessitatibus. Explicabo eaque adipisci libero quo vitae iusto eveniet omnis voluptatem.', '1970-01-01 00:01:02'),
(43, 23, 3, 'Quidem quisquam in quidem nulla hic unde. Et consequatur voluptas accusantium placeat! Est natus et velit? Aut provident qui ut quia enim est! Ut nesciunt perspiciatis quis totam omnis odit. Laborum aperiam similique natus velit! Odit dolorum tempora accusamus et numquam. Ut voluptate eligendi aut! Adipisci qui ut consequatur.', '1990-10-05 16:56:14'),
(44, 40, 44, 'A unde distinctio quia.\r\nQuibusdam illo sit dolorem est quia. Est ut dicta error possimus...\r\nIn deleniti sequi laboriosam unde laudantium vero placeat tempora. Facilis aut autem enim animi. Vitae aliquid eos sit. Laborum veniam odio quia. Et nihil voluptas. Similique sit est et modi error eum eius! Quisquam vel at.', '1988-07-30 23:58:45'),
(45, 15, 4, 'Numquam et facilis. Laboriosam est totam. In nulla soluta.\r\nA dolorum distinctio. Ea minus enim. Voluptate sed et; similique repellendus nostrum. Molestiae quod odio. Incidunt ex tenetur; reprehenderit pariatur et. Quo et ratione. Tempore at commodi.\r\nCulpa ratione magnam. Nesciunt id nihil! Ea sapiente fugit? Sed eveniet suscipit. Aut laudantium error. Ea asperiores provident! Omnis aperiam...', '1977-05-02 17:12:32'),
(46, 38, 25, 'Est incidunt qui voluptas aut autem. Quos id dolore eveniet omnis consequatur totam quis.\r\nEt labore earum magni. Est unde omnis harum illo quia voluptatum id! Corrupti dolorem laborum cumque ratione sint sit.\r\nAsperiores assumenda aut nam voluptatibus iste quibusdam voluptatem neque. Molestiae error unde. Impedit animi molestiae. Ratione quia eveniet!', '1973-09-22 11:45:08'),
(47, 49, 34, 'Nemo et facere et.\r\nEt delectus, eos explicabo et dolore illum iusto quo et. Dolores quia nostrum! Quia dolorum aut. Nihil incidunt laboriosam. Et error quas? Odit ex neque. Veniam asperiores ut. Vel ea quia! Natus non aut.\r\nSapiente est natus. Sit velit ullam. Animi qui commodi. Enim magni rem.', '2020-03-18 01:31:15'),
(48, 41, 36, 'Rerum ipsum amet quaerat voluptates. Doloremque incidunt eum est error fuga reprehenderit voluptatem; dolorum odit ipsum officiis natus laudantium est omnis; natus sunt voluptas. Perspiciatis fuga harum odit sed...\r\nQuae commodi cumque perspiciatis vel. Libero numquam sit voluptatem error consectetur. Sunt natus dolorem quaerat id commodi molestias omnis.\r\nDelectus unde deserunt. Et voluptatem!', '1991-03-27 10:06:46'),
(49, 17, 43, 'Error quidem dolores. Explicabo earum aut. Repellendus animi non. Eos in velit.\r\nQuaerat deserunt exercitationem. Enim rerum qui; itaque est autem; expedita error ipsa. Aut nam ut. Natus illum est. Magni nesciunt rem! Ipsam omnis accusantium. Sit perferendis quia.\r\nAut quisquam et. Dolor error sequi; nihil veniam vero. Suscipit a numquam? Itaque adipisci autem. Dignissimos culpa deserunt;', '2019-09-14 22:07:46'),
(50, 22, 24, 'Aspernatur in fugiat mollitia, earum quis nam est labore aut. Quis et aut est doloremque vitae. Consequuntur et aut ipsam sint quidem tenetur sit voluptas! Doloremque atque unde et; enim sed accusantium aut. Dolor illo cupiditate? Voluptas et odio. Incidunt quis ad; quod sit quis.\r\nEt qui enim. Aut cupiditate nesciunt.', '1981-02-22 05:03:25');

--
-- Inserting data into table comentaris_likes_dislikes
--
INSERT INTO comentaris_likes_dislikes(comentari_id, usuari_id, like_o_dislike, data_hora) VALUES
(22, 34, 'dislike', '2018-07-18 22:03:25'),
(44, 13, 'like', '1970-01-01 00:00:07'),
(25, 41, 'like', '1970-01-01 00:00:09'),
(22, 7, 'dislike', '1970-01-01 00:31:40'),
(46, 43, 'dislike', '1970-01-01 00:00:01'),
(7, 28, 'dislike', '2016-03-25 10:30:40'),
(29, 4, 'like', '1970-12-13 14:43:46'),
(47, 28, 'dislike', '2017-03-23 13:43:00'),
(8, 45, 'dislike', '1979-06-27 09:18:19'),
(42, 32, 'like', '2009-10-11 01:30:00'),
(20, 24, 'dislike', '1979-01-27 17:44:59'),
(7, 29, 'dislike', '2013-03-18 13:41:16'),
(44, 19, 'like', '1972-08-29 19:29:41'),
(46, 18, 'like', '1989-07-16 07:22:41'),
(13, 9, 'dislike', '2011-08-16 08:31:45'),
(20, 2, 'like', '1970-01-01 00:12:43'),
(46, 28, 'dislike', '2007-06-13 22:13:13'),
(12, 40, 'like', '1970-01-01 00:00:03'),
(46, 14, 'dislike', '1993-06-04 17:48:19'),
(31, 34, 'like', '1974-06-30 21:30:53'),
(43, 48, 'dislike', '1991-06-03 05:31:29'),
(37, 39, 'like', '1970-01-01 00:00:05'),
(37, 20, 'dislike', '1970-01-01 00:00:02'),
(23, 16, 'dislike', '2016-05-11 15:55:46'),
(31, 23, 'like', '1992-02-07 18:52:21'),
(10, 25, 'dislike', '1980-02-21 17:55:31'),
(9, 34, 'like', '1970-01-01 00:14:48'),
(32, 45, 'dislike', '1970-01-01 00:00:02'),
(15, 16, 'dislike', '1970-01-01 00:09:08'),
(37, 11, 'like', '2009-06-11 12:17:03'),
(7, 25, 'like', '2010-11-19 20:25:09'),
(32, 34, 'dislike', '1992-06-14 07:31:58'),
(19, 18, 'like', '1970-01-01 00:08:45'),
(24, 45, 'like', '1994-05-15 12:48:43'),
(37, 28, 'dislike', '1970-01-01 00:00:54'),
(8, 49, 'dislike', '1970-01-01 00:14:52'),
(1, 32, 'like', '1984-08-03 18:51:07'),
(47, 25, 'dislike', '1970-01-01 00:00:07'),
(17, 16, 'like', '1982-08-05 19:02:19'),
(34, 38, 'dislike', '1970-01-01 00:01:38'),
(15, 46, 'dislike', '2008-07-15 03:56:10'),
(5, 24, 'like', '2004-02-14 12:57:47'),
(1, 47, 'dislike', '1970-01-01 00:08:52'),
(50, 23, 'dislike', '1987-08-09 23:40:21'),
(23, 44, 'dislike', '2007-01-03 14:36:36'),
(12, 20, 'like', '1988-05-19 16:20:40'),
(39, 33, 'like', '1970-01-01 00:05:05'),
(40, 32, 'dislike', '2004-12-23 06:20:17'),
(3, 43, 'dislike', '1971-08-18 06:21:37'),
(20, 33, 'dislike', '1989-03-07 01:18:24');

--
-- Inserting data into table suscripcions
--
INSERT INTO suscripcions(usuari_id, canal_id) VALUES
(22, 34),
(44, 13),
(25, 41),
(22, 7),
(46, 43),
(7, 28),
(29, 4),
(47, 28),
(8, 45),
(42, 32),
(20, 24),
(7, 29),
(44, 19),
(46, 18),
(13, 9),
(20, 2),
(46, 28),
(12, 40),
(46, 14),
(31, 34),
(43, 48),
(37, 39),
(37, 20),
(23, 16),
(31, 23),
(10, 25),
(9, 34),
(32, 45),
(15, 16),
(37, 11),
(7, 25),
(32, 34),
(19, 18),
(24, 45),
(37, 28),
(8, 49),
(1, 32),
(47, 25),
(17, 16),
(34, 38),
(15, 46),
(5, 24),
(1, 47),
(50, 23),
(23, 44),
(12, 20),
(39, 33),
(40, 32),
(3, 43),
(20, 33);

--
-- Inserting data into table videos_amb_etiquetes
--
INSERT INTO videos_amb_etiquetes(video_id, etiqueta_id) VALUES
(22, 34),
(44, 13),
(25, 41),
(22, 7),
(46, 43),
(7, 28),
(29, 4),
(47, 28),
(8, 45),
(42, 32),
(20, 24),
(7, 29),
(44, 19),
(46, 18),
(13, 9),
(20, 2),
(46, 28),
(12, 40),
(46, 14),
(31, 34),
(43, 48),
(37, 39),
(37, 20),
(23, 16),
(31, 23),
(10, 25),
(9, 34),
(32, 45),
(15, 16),
(37, 11),
(7, 25),
(32, 34),
(19, 18),
(24, 45),
(37, 28),
(8, 49),
(1, 32),
(47, 25),
(17, 16),
(34, 38),
(15, 46),
(5, 24),
(1, 47),
(50, 23),
(23, 44),
(12, 20),
(39, 33),
(40, 32),
(3, 43),
(20, 33);

--
-- Inserting data into table videos_in_playlist
--
INSERT INTO videos_in_playlist(playlist_id, video_id) VALUES
(5, 27),
(16, 39),
(14, 6),
(18, 9),
(31, 36),
(20, 32),
(23, 26),
(39, 40),
(28, 25),
(17, 5),
(13, 18),
(47, 35),
(46, 21),
(35, 3),
(36, 4),
(36, 44),
(36, 36),
(32, 42),
(43, 39),
(11, 29),
(10, 44),
(35, 13),
(41, 31),
(7, 32),
(45, 2),
(33, 5),
(49, 42),
(15, 40),
(9, 20),
(50, 10),
(46, 18),
(20, 27),
(37, 4),
(19, 18),
(4, 47),
(22, 36),
(26, 31),
(6, 10),
(21, 2),
(37, 43),
(7, 48),
(39, 20),
(14, 27),
(8, 10),
(8, 1),
(16, 20),
(46, 6),
(1, 30),
(34, 12),
(23, 2);

--
-- Inserting data into table videos_likes_dislikes
--
INSERT INTO videos_likes_dislikes(video_id, usuari_id, like_o_dislike, data_hora) VALUES
(5, 27, 'dislike', '1979-09-21 08:03:03'),
(16, 39, 'dislike', '1988-09-01 22:39:06'),
(14, 6, 'dislike', '1978-10-11 17:00:44'),
(18, 9, 'dislike', '1970-01-01 00:01:11'),
(31, 36, 'dislike', '1989-11-02 04:11:58'),
(20, 32, 'dislike', '2020-08-24 23:23:18'),
(23, 26, 'like', '2020-10-16 09:06:05'),
(39, 40, 'dislike', '2015-08-30 01:38:49'),
(28, 25, 'dislike', '1972-02-08 23:58:49'),
(17, 5, 'dislike', '1970-01-01 02:26:29'),
(13, 18, 'like', '1974-09-17 16:17:59'),
(47, 35, 'dislike', '2000-10-24 04:29:53'),
(46, 21, 'dislike', '1999-03-24 01:55:11'),
(35, 3, 'dislike', '2000-03-09 13:42:53'),
(36, 4, 'like', '1984-01-25 07:50:04'),
(36, 44, 'dislike', '1972-05-12 03:09:40'),
(36, 36, 'dislike', '2006-09-16 13:41:03'),
(32, 42, 'like', '1974-05-14 21:50:21'),
(43, 39, 'like', '1970-01-01 00:00:02'),
(11, 29, 'like', '1970-01-01 00:14:34'),
(10, 44, 'dislike', '1970-01-01 00:00:13'),
(35, 13, 'dislike', '2014-10-20 17:09:05'),
(41, 31, 'dislike', '1973-12-29 11:18:23'),
(7, 32, 'like', '1970-01-01 00:02:30'),
(45, 2, 'dislike', '1970-01-01 00:00:02'),
(33, 5, 'like', '1986-08-26 16:51:24'),
(49, 42, 'dislike', '1970-01-01 01:14:06'),
(15, 40, 'dislike', '2003-09-29 07:53:30'),
(9, 20, 'dislike', '2010-01-22 05:12:24'),
(50, 10, 'dislike', '2011-10-11 06:35:42'),
(46, 18, 'dislike', '1970-01-01 01:36:59'),
(20, 27, 'dislike', '1970-01-01 02:40:28'),
(37, 4, 'dislike', '1984-02-01 05:50:04'),
(19, 18, 'dislike', '2001-03-22 13:53:30'),
(4, 47, 'dislike', '1970-01-01 01:16:14'),
(22, 36, 'dislike', '1991-08-31 01:25:36'),
(26, 31, 'like', '1998-12-26 04:26:42'),
(6, 10, 'like', '2018-05-01 01:24:46'),
(21, 2, 'like', '1979-11-14 14:13:09'),
(37, 43, 'like', '1986-09-01 01:57:22'),
(7, 48, 'like', '1989-10-16 16:09:11'),
(39, 20, 'like', '2014-12-09 11:43:38'),
(14, 27, 'like', '1979-04-04 23:07:47'),
(8, 10, 'dislike', '1970-01-01 01:25:02'),
(8, 1, 'like', '1982-04-27 02:29:21'),
(16, 20, 'like', '1996-04-23 02:48:07'),
(46, 6, 'like', '1981-07-02 20:40:00'),
(1, 30, 'dislike', '1970-01-01 00:00:03'),
(34, 12, 'dislike', '2020-05-24 00:26:51'),
(23, 2, 'like', '1970-01-01 00:11:38');

SET FOREIGN_KEY_CHECKS=@OLD_FOREIGN_KEY_CHECKS;