SET @OLD_FOREIGN_KEY_CHECKS=@@FOREIGN_KEY_CHECKS, FOREIGN_KEY_CHECKS=0;
USE pizzeria;
--
-- Inserting data into table categoria
--
INSERT INTO categoria(categoria_id, nom) VALUES
(1, 'Interperirex'),
(2, 'Zytocurte'),
(3, 'Oxisilnor'),
(4, 'Dexanavant'),
(5, 'Lastenatex'),
(6, 'Diperavex'),
(7, 'Doxpuriliq'),
(8, 'Abesoprozon'),
(9, 'Medrochloridesol'),
(10, 'Felooxevase'),
(11, 'Xylosicose'),
(12, 'Acapaxol'),
(13, 'Acochloridephane'),
(14, 'Adipahex'),
(15, 'Kitaspode'),
(16, 'Iodotanphane'),
(17, 'Indathromybid'),
(18, 'Zaletrapos'),
(19, 'Pantogovant'),
(20, 'Virozosol'),
(21, 'Medilonsine'),
(22, 'Influtralam'),
(23, 'Eryclocose'),
(24, 'Endodrone'),
(25, 'Cefacurdex'),
(26, 'Acezozon'),
(27, 'Furoxatec'),
(28, 'Buxacept'),
(29, 'Cefasilvir'),
(30, 'Influsidene'),
(31, 'Adiclocin'),
(32, 'Azitavant'),
(33, 'Captocarpamban'),
(34, 'Intertaino'),
(35, 'Cefacarpamfen'),
(36, 'Oflodrovir'),
(37, 'Actihydrodorm'),
(38, 'Venlapuritriol'),
(39, 'Doxypavex'),
(40, 'Budipibid'),
(41, 'Nevosoprodine'),
(42, 'Noraxazol'),
(43, 'Gababutamvex'),
(44, 'Dextrochloridedene'),
(45, 'Aziperavex'),
(46, 'Duoxanor'),
(47, 'Gabacarpamzyl'),
(48, 'Amcigodar'),
(49, 'Mecogosine'),
(50, 'Lastetanvir');

--
-- Inserting data into table provincia
--
INSERT INTO provincia(provincia_id, nom) VALUES
(1, 'Massachusetts'),
(2, 'Alabama'),
(3, 'Texas'),
(4, 'Nebraska'),
(5, 'California'),
(6, 'Colorado'),
(7, 'Wyoming'),
(8, 'Tennessee'),
(9, 'Oregon'),
(10, 'Alaska'),
(11, 'South Dakota'),
(12, 'Nebraska'),
(13, 'Hawaii'),
(14, 'Maryland'),
(15, 'Maryland'),
(16, 'South Carolina'),
(17, 'Virginia'),
(18, 'Georgia'),
(19, 'North Dakota'),
(20, 'Maryland'),
(21, 'California'),
(22, 'New Mexico'),
(23, 'Tennessee'),
(24, 'Connecticut'),
(25, 'Virginia'),
(26, 'Colorado'),
(27, 'Florida'),
(28, 'Montana'),
(29, 'Indiana'),
(30, 'New Mexico'),
(31, 'Delaware'),
(32, 'Alaska'),
(33, 'Hawaii'),
(34, 'Idaho'),
(35, 'Connecticut'),
(36, 'Michigan'),
(37, 'Georgia'),
(38, 'Alaska'),
(39, 'Arizona'),
(40, 'Oklahoma'),
(41, 'Wisconsin'),
(42, 'California'),
(43, 'Colorado'),
(44, 'Florida'),
(45, 'Connecticut'),
(46, 'Arizona'),
(47, 'Florida'),
(48, 'West Virginia'),
(49, 'Arkansas'),
(50, 'Nebraska');

--
-- Inserting data into table localitat
--
INSERT INTO localitat(localitat_id, nom, provincia_id) VALUES
(1, 'Jackson', 5),
(2, 'Trenton', 16),
(3, 'Salem', 14),
(4, 'Austin', 18),
(5, 'Harrisburg', 31),
(6, 'Tallahassee', 20),
(7, 'Denver', 23),
(8, 'Hartford', 39),
(9, 'Sacramento', 28),
(10, 'Phoenix', 17),
(11, 'Richmond', 13),
(12, 'Concord', 47),
(13, 'Baton Rouge', 46),
(14, 'Little Rock', 35),
(15, 'Austin', 36),
(16, 'Richmond', 36),
(17, 'Santa Fe', 36),
(18, 'Atlanta', 32),
(19, 'Lincoln', 43),
(20, 'Denver', 11),
(21, 'Oklahoma City', 10),
(22, 'Pierre', 35),
(23, 'Tallahassee', 41),
(24, 'Montgomery', 7),
(25, 'Columbus', 45),
(26, 'Montgomery', 33),
(27, 'Helena', 49),
(28, 'Sacramento', 15),
(29, 'Des Moines', 9),
(30, 'Trenton', 50),
(31, 'Honolulu', 46),
(32, 'Little Rock', 20),
(33, 'Hartford', 37),
(34, 'Carson City', 19),
(35, 'Raleigh', 4),
(36, 'Dover', 22),
(37, 'Montgomery', 26),
(38, 'Richmond', 6),
(39, 'Charleston', 21),
(40, 'Sacramento', 37),
(41, 'Pierre', 7),
(42, 'Providence', 39),
(43, 'Montpelier', 14),
(44, 'Tallahassee', 8),
(45, 'Austin', 8),
(46, 'Des Moines', 16),
(47, 'Dover', 46),
(48, 'Providence', 1),
(49, 'Annapolis', 34),
(50, 'Phoenix', 23);

--
-- Inserting data into table productes
--
INSERT INTO productes(producte_id, tipus, nom, descripcio, imatge, categoria_id, preu) VALUES
(1, 'hamburguesa', 'Replottor', 'Iure nesciunt dicta. Accusantium!\r\n', x'861D54419C0C1BE6FE002D8129FC1F3B5A22B7042D9032A96CF813B45E69F115EBE22D80948429C98C62DD06D0101203BDB1223025D195E197CF', 27, 24.86),
(2, 'hamburguesa', 'Readtoper', 'Quis quia ab.\r\nLaudantium illo ea.', x'41318EC6CB', 39, 21.71),
(3, 'pizza', 'Ampbandimor', 'Nihil aliquid facere. Iusto.\r\n', x'6D50B366', 6, 28.33),
(4, 'hamburguesa', 'Comtecticphone', 'Omnis eos et. Accusamus et ab.', x'4CFDB6C8DD36A2', 9, 19.85),
(5, 'pizza', 'Monoculerry', 'Dolores aut similique. Et.\r\n', x'4AFD430A8616090470CC00E4367A4CC5231E1E0771066607CF7F196A07CCB34D36BCDACBFD001B90A64F60BE007233022F16DF5FEA21CC9003F49E57598D2736869A1130E562448E53F257C026161C958009415CB109B690668BDC0534C59F05347775013BDD452A8A60B9A4260C246BC90415A04AD260ACB84316501397850253195A0A12C9FFA2015003A78E430C0A0C31424D2DF283856B4606C9F19F2EAA93CD1859775E244150172E28DE056FA3B55414', 36, 16.71),
(6, 'beguda', 'Tweetmutra', 'Libero amet est; eveniet aut.', x'363028001765221DC7899E030883CF8F06F1EB9D789E388A89BFC502EE1578A98632350206C0410906AB4DC1FC15D841A979683B016B5EF6932EC87304A8A02A188959B4EBBE0F4AA9560251763060481DA5686F171C13DFAEA1C45A1C8649E975089EDAC2C48A00', 32, 27.9),
(7, 'beguda', 'Cartnieder', 'Et sit quo. Odit qui earum.\r\n', x'AD3ADB0206158612233BD8D4C9A9C282C1CE7F12FD1F9F259FD04D13D87641E207405C71D8791DA9061A62232E8405595A1CA1718798367F6F0AA31784541E6533204FF81F214299DFB427B685448268E89E143812801DC3556C26594E09300B79133B10A406464214B11F02C6F8E6F68CABB7F80902D50A0F3E65FD5BA77AC247750D93075F05B504225D6AB8E5BA4735A890191C4D535112021A045D1D32CCC8854AD32B4FCEFCEE0E51F5ABB010B32F879701', 26, 27.05),
(8, 'hamburguesa', 'Stereoculscope', 'Natus voluptas animi rerum.', x'B30226ED204B2A6EC6573BDD3826B4B95AFDAF1CBD6A01E9AF87E1324F2943BA26933FAAF7FAAFB5CA23030242308B02295806C792D9E33AD53408DFCE32B7B6F231D15D3AE23905057F426A5AECE388F07555BCFECCE557DD7688D7F95B4A774BEE7D4F03783361B145A5A2812D1DE108DA019DD06CA99AC756F829C1411BCC053D62390233BEEB8FA26C1CA8771B7EB0FCA403655090352363C38B40', 40, 21.98),
(9, 'beguda', 'Printfinderon', 'Cumque praesentium reiciendis.\r\n', x'BD8BEB5217E8890AECD4CA9C1201B16D08C205C8CE3504769D2142C358D0E6605E3C8F75C76B74', 25, 22.43),
(10, 'hamburguesa', 'Readcordra', 'Similique quod eligendi.\r\n', x'7E0B97A10EBC178161FD080845AD440B07FB', 5, 19.01),
(11, 'hamburguesa', 'Comfindlet', 'Omnis corporis sint. Id iste?', x'73B715FF035FF0052A28F82AE65A462C46BCF00285D6893C4C06CF6649A1454690BFE805AFEA6A058E2804694CCFBBAE543DD925D127C221EA57C9C4F410BF4F28422EBC01C86C778B0CC1072A3D3068DC5E478EABA9CB807B89028A0265866EC103ABC43305', 18, 22.37),
(12, 'beguda', 'Tweetpickefry', 'Libero voluptatem libero.\r\n', x'28097B71A000F0281B7FFA183E0962960236FFD3BE38227CC84755068757558C9DB309C0E007F328A0D70704BA555543984900538BA5', 35, 28.42),
(13, 'beguda', 'Relery', 'Inventore qui magnam. Est.\r\n', x'DF30D204872FDFC259EB366807676597A4E30E85C9EE061E756CA3BE59A0F1073F0CAB29530A0177D56E641CC1050619683F14A6C101BACC1A549460900C08374BA0C04B0DE27C1DF5E9F3BAEFEC4A8A40CB3CC44209B5D104A1DD4C7277843D18049624A408CB15CD150EC0AED024BBE447DCD19ABC020112CFDDDBAB3FADF0BB459E2DBA4206941A69', 21, 16.13),
(14, 'beguda', 'Tweetculaquridge', 'Unde soluta est. Ab et sed; enim.', x'5005A50936D0A0406471053307952E4CC297EE2B5AD18986959F632D081660A63A19A32CB53D6CCA91543E', 3, 24.44),
(15, 'hamburguesa', 'Supleentor', 'Cum omnis provident. Nulla!\r\n', x'9DE3B400825A0D373A21030DEFE52484C81B5AEC382009BECA8807620656ADD109B779761E412D5B2AC003A08DD4BA4D07A8F3CBB03BE7270750B5AD8B03B42BD25B358A66F4607EB9024E08605C499F1C65F1DA1B3D3D01B449B39D823C4D0117007FFE06244971C7825222E1232E834AAE70A2C25854D74EEC174EEADBE42159013B69560001968E58F400BE5F00EC', 4, 27.49),
(16, 'beguda', 'Proleer', 'Quos voluptatem officia. Cumque.\r\n', x'1E9738F6B32FEC5ED505EA945FDC08', 44, 30),
(17, 'pizza', 'Bibandon', 'Laboriosam incidunt pariatur.\r\n', x'EB096377876E375940D8C9065921A459E239B420E30102699578F6733E32EE01DE97A8014D23F8085FF6070F09C3B1C32CB8D41A0C9A095203C0585B3C41E498B84B5896B14A9307202F02B0EA5C63F82FED0C53F12D75EC3605193F8E8BE8C720402FBD3F', 36, 26.93),
(18, 'beguda', 'Suppickedgor', 'Illum corporis voluptatem. Ipsum?\r\n', x'DBEAD87B2DBC051638027301406DCFF3F17B9B5FE521390578F8081776CE423AEF571D6C733DCF51BB5F279600103924DB4053FF41857109BA033F236299EACDBF27DB8220A129266FAC015AC0CB1AC318CB24DBD0D2FC8D6423A3755653D9E2E84A872B1E2161FC420317F0D7C682F4D5FF6EB917B16BCE082ABCCB16F40851F5E1043D4574C3EB48040329590969F7C0269869C709C205565E8E12560344A0123B0608BFABFFB8B2D053CC9B025BF7095BB2D5968D00C7844C482C04942DE957EA2A24E41A6EA0', 42, 25.23),
(19, 'hamburguesa', 'Retopimra', 'Impedit dicta itaque. Ipsam.\r\n', x'8753870B28C9CCFE052ABD3E04691B2330DA8105D3FF58E2737224A8559965916D03782CB66A065EB3D4124E35A551D9BA526DFD18066E4793401E8C3A07E80BD28E93ED0502C226A3A18794BAA307C50507B79E4FC40148B91A811B55838908311E03D191A204D78D5366C4636B0982417708AFA57913', 39, 17.56),
(20, 'beguda', 'Speakwoofer', 'Sed suscipit consequuntur. Et.', x'13154919898B0DA6F95985751798EBE8489F61CA49503208AE5C408DE1BD189C99DE7404BEBA3F43B5043FBD009DB9CCF887B09D5B0DC65DC804809D92931D9AA0ABEDE19015CACD027DB024F1D0149B2C1B015A6BDCC50965', 29, 22.26),
(21, 'beguda', 'Montinletentor', 'Molestiae incidunt debitis. Illo a.', x'AE02061D22DDC0133A1B6412095F8ABF30E113B97F4274055551459F0B3F52983005EE23E0D94C810A6E06F3C9D753CA68C8143898198BB5301C00EA963F08E8C90A981F60755150022E45C00CE0B947DBFEA71A5F89E806C0CB89999D0849BEC360ACDDEA3407F350962F82230E3744DBC2A449A890553E911A14F429B6FB338DF05DF9F6BA9844430E3A38001B4DE3E58ED6A7', 44, 19.52),
(22, 'hamburguesa', 'Carttellerlet', 'Molestias consectetur delectus.\r\n', x'5F5E054A00D49E247F73020217CCE2DB0C9075ACD9FB03A9A509F85C0440F6160DF5BDD324D3C8685BEB2573B70154050D5FFE36419379584D14D664BF7EB4985400415C9E2366F3513959BB1797082A951E3C88C6093228B906381333391005CB1B62BEC0F8B8EE4C360405D1AC82ACDF01842E2441C0E7342446F2D8FA71818A06D19CCAFDB87B6F72F900002478D04DA3BD1806D6D4', 13, 28.14),
(23, 'beguda', 'Tweetcorderor', 'Iste debitis possimus. Sit velit.', x'3F17F85B08A1A977B93678E2E0F29EB08213FA270BE39D0C9C70EF60F45B430759BC1A60A4B4142D53D85933FED0C0D41F5604F32FA73680B03A2700A035074458B92D514154DA47365DD7FEFEF404B2663009054DCA91A95A2B745237882CDB4DAEBA9DC47191FC5906A226864DA33380C86A535CAFA5089607F96C8B79C563BD3F6E83C902522CB5EC314D4360877A6B53681EBECF4E00679498D0C105993BD28D78455E0789736A60ABCDB9C4D81503DC9500A40964D3C9EFAB62', 31, 15.37),
(24, 'beguda', 'Tabwooferon', 'Porro aut qui; atque sunt.\r\n', x'3E62B1A7483627E3400231D07B9843EE8465739E5D65BA7BEDD1063DC4BFCE0D1C0D9F2ECDA98C67991EDBE6A4787E48D4C39D1D0730F402B7BC6D28F7D09BBF52B903627B6704660C08BC4ABE2FB6F229', 32, 17.73),
(25, 'beguda', 'Protaer', 'Omnis quis qui. Vitae velit qui.', x'45A65D192EC8CD0037885238B23F5E14CBBA170EF7C9B619250F0884DEA3A6BF912F96DD2BC9ACFD1C291FC62E374C097E41BD7D4B138E1F0BB9285FB621D5F7AB031756063B4A14598C9FF72305DC28E7', 2, 24.65),
(26, 'beguda', 'Concessefor', 'Ea minima dolor. Aut enim sit.\r\n', x'5B02AA13A94698D7F76ECEEDB61E9883C269A1F302D6AD2ACBF1880D19852AC1530C6C1B246960116AE802BBC6A45558BD04173403E6504189BD9FB8ECCF06089997E128CFF06EF90709BAFE122AD3B948D88B710349FA2E75AF892AAD1E14A6798690', 5, 27.5),
(27, 'beguda', 'Speaktinicer', 'Qui sit in. Reprehenderit ut non.\r\n', x'DD6D7A70DC753A5AFDB95F0EB604250B360F8EB5D204826C9C0F83A383F7220289108B803A52C20702B4E599F5B3BB4A5B3243D0F378B49CBAD27455E408B1222D88D666CAF1010118D0C9E804C8FA1190605D4904416C053103D699EF592807EEB3488A76075A52633D6ED4FC68BAF7A8A0C82E5DAF91476FBCAC544EC2CBB0F1A56B3407412B09', 42, 23.89),
(28, 'hamburguesa', 'Monlifier', 'Odio officiis omnis. Dicta sed;', x'5BFE02D85E05EDDA692BCD1D66A9090CDDAC5347A157EA9250B7E7696F6EAA85BE260CEBD345E4364D653B49516B041DB2BCD38D594F4F5C3C19BCB133AA27F88BE512085D883255112A6D90F40C92450782053C36A05C267AB749E349ADBBCD3276B206D7F0002AABB6FFDB4B32048B0611E849AB793523F61DBFB8606551051D4E54AF7900B64B7C3803', 40, 18.2),
(29, 'beguda', 'Comjectra', 'Hic est quia iusto expedita.', x'48DC2D4B', 20, 19.35),
(30, 'beguda', 'Confindefer', 'Quia aut eum.\r\nError deleniti sed.', x'DD508E09C07A2273B05C20270787BE03D936A321E11834D4B12FBB07F9AD33909CFCCA22D2E69ABD002A054E7BB6052FFF51085ED76856EEC5C0301000A39603A3CED83138C172019B05B30900D901FC0001080D86A2D8EF369D0106028EFF', 10, 26.91),
(31, 'hamburguesa', 'Relifientor', 'Itaque maiores molestiae.\r\n', x'2DE2BD687F6AA9017ED592E9AA01FBC8F209A396C740FF00FD2D1988E53D3165E8CDD7624377C96F13094AC4C1693F87A15C09853AC7353269DCA96CC6677CF03AC265A7255040019301E664341428B0079ECCE84A3A514C4D05EF04047424BD98B6E3FA670CA93F88CF8D1B8EE683D9', 18, 27.38),
(32, 'hamburguesa', 'Cleannioner', 'Ipsum repellendus quas. Ut iste?\r\n', x'014139B4A71A65C95B06314445043F003A87467AC82B6D218D2EBEB543363809B154810386620322F887FE83EC3F9640029B143D40364C', 27, 16.63),
(33, 'pizza', 'Cabplottplentor', 'Reprehenderit reiciendis omnis.\r\n', x'A3E468E928C548AC04017F344F89BF681FDA91839AC5EA0405D131EC1D009C0AAB6C16E64C6104F35932AD3C9D5C8BC66734101A1BE8B5868824042FDDC4A8EB970797B30104DD7F1C224B063C329A05634443049BB0B541652A3CC7C3C3BF20', 4, 16.01),
(34, 'beguda', 'Ampwoofimon', 'Eius dolores quia. Pariatur?\r\n', x'54650BC129861C181F9E0761037C0765AF0E57391C394806590F88FB7D0563BFE9510DCB824A09C2ECFD45504395464DB8124921800285E2EAD90031A886687E715FB95F09DF7A69F10703B81708F66B518430C226044F7C62829AD18701CCE16531DE16D62038CA74048C66186BA77548D732CA04481D274FB42C9DD096F8EB3D91042959C400', 18, 25.01),
(35, 'hamburguesa', 'Cleancordewar', 'Quia repellendus perspiciatis.\r\n', x'03FE983E002D0310E114E8570A09F83DB20C9B89016ADFA149286009070D06DD6E9700A8080EE240297A6C5FE3075BC701371AA16D04B6E080CAE9B2786070F27600891D6DB909D219B949436DAFB79A4DFB95C3BCEC24F08D0CA863075FBFF11E720046A9042620B587AC4473EB007307CE32739C0307B239EC', 47, 27.3),
(36, 'beguda', 'Micholderphone', 'Nulla inventore nulla. Iusto!\r\n', x'296B3902A7A64865C60A9CDF234F1EAEE6E76A349E864438C1AD5E5C257596D91566AAC3E2568851804DBD6CB53D3005199FFCAA1F0001096F4092171B9D728B4A049AECBD9CB8DA7515FABF423FE2A330CA04AE9ECF25D933F4634780A7782D6201F4338926B313AA07F7B4CDD4926E41B51CC484629A4C505B91642C60080EEB2E301D85983513AD2DF7', 36, 21.16),
(37, 'hamburguesa', 'Transwoofimar', 'Velit harum maiores. Unde esse.\r\n', x'61B28F6500A012D8A723850427EC5E02C19059D9FEB0474248BE06E5067D89278A28FA22DD293A8D06ADDD24503FF405BE59D58C210307005C0708B74B3607055A01D19FF145583CB0BF01C9998B8A57057F08BC70E283ABDD3D304B5176C39468CFC955209EE66BB8B402AF0A0632632B27966B464188E79D621C4A64240701225A7D7F0DDC11FD05FE00035628B2C64DA910EBEEEE9C8FD9B1084F5E15EB07562E4BEE1C84FC0585218D0ACEFFDB777BA80317', 31, 30),
(38, 'hamburguesa', 'Ampholdimer', 'Voluptatem a consequuntur. Sit.\r\n', x'83C1077514922F0E5A765F09AC0E4B0B39080066DD0521E2B8BF0EE8469788C97B5908007D1B2EC084950D03F035620E4C58520602DD6BDBBFD509580C06E54543027C9243BCA579F87FAC556DC3929C05C561EE6A849B', 10, 16.9),
(39, 'pizza', 'Remutator', 'Commodi veniam libero. Quis.\r\n', x'47EBFE530502501BA1EE3408A5D290B65850E02D6644E3DFD72E074A4D2540645C8B0B8F377B0708A875951DB7F53C238BBDA0E19D6206ADB81A03882F37062ECBECB2FEFC99C2546BD42188E4F65D39B0460C716D174D0355FF590252F4FEBB120551DFBF3F068B4E5C1194DCA3D238CD20560200BC', 2, 26.26),
(40, 'hamburguesa', 'Recorder', 'Nemo quia voluptas. Sed non et!\r\n', x'050605850CC8CF3A7FFAFA97C58222F80061917D712AD7B0A3442BA40487040BF982E80379657723C8496672559D30C4102248A9E45557636CCF02032C1BCE78BAACC977A89CBB1E0673AB1B025D5856361D1D6AA802A68DA90578', 43, 21.13),
(41, 'hamburguesa', 'Cleantectopon', 'Velit sed et. Illum ut quasi.', x'FF69D3049B06E4CA51896AAC617CC17789074E0D050747006D847DC967', 48, 30),
(42, 'beguda', 'Bitaentor', 'Earum officiis consequatur. Est et.', x'578CE71C21900E77689DC1E4FA332F845C5FBE85849287BA24450C5B25BF9FF66C2E4C0AB8918621303758AB973D5359F49EE9A6525BE57181123B8530DC1B2A219B4E4B1D70A70809C229AF8F1C90E08B8A4B9EB21B37A1C779FE8AD779A0043CA184352F57B8D28B04C2615BBAFBD0E7F68055C5420006FB0258B4944B2A110BABBE20044A060729393CFAB203A7570A4829E15009286129B6BDB0486345294F845F8A00A6254B1FD9000F88B938083821EE6257C0014B23E79AFA029F21B50504DDC33600', 20, 19.52),
(43, 'beguda', 'Carttinentor', 'Molestias odit cupiditate.\r\n', x'514F03E019BB50572B2C6670010216C933A428CF2D38522F55DD4B4EB25A174B0627D639F95A4C2A5ED768EE2600412D53B14FAA6833BBFE797944C5F4EDC4B9B485575288B00307C7899DD29345201AA6EC9A06C60EA2F05D500B525023E0600BFF552C08082E846FBF7B977C8C97', 27, 21.91),
(44, 'beguda', 'Receivewridge', 'Dignissimos sed esse. Et illum!\r\n', x'35', 10, 29.97),
(45, 'beguda', 'Stereojectlet', 'Sit veniam sit. Sit tenetur ut.\r\n', x'19C209BEFF069ED3E4D2083F9746F9FBD200343D479F003500010438A64F55E315EAB812463475118CB0F1341399B6ED083925BD1FD577501E4107E8A284B78275C42CBDEEBA1BA5E41B830B48ECF216951AA4D5841924F24EC95F20AD', 1, 20.14),
(46, 'hamburguesa', 'Readwoofscope', 'Tempora assumenda et. Voluptates!', x'652C073FCB58E0D2027E27625A0F284CB2AF22010908591F5F8CCAED791DBB9A71EA3F32A10306F111067DFA6A0C72060198C14604E9EF570688135D6DE32508D8035C057BB23F4455374FCB3693C5C3ED614DDF47B299', 20, 16),
(47, 'beguda', 'Printcordra', 'Iste ab aperiam. Delectus omnis.\r\n', x'1CDF86D393A7205960A804815CE5A371B99E9B0C33AE14A514D3834FFB0E8B0DF5390690255A01066414AB05DF063D5A30FFD984B05708663425038798230CB45877B606FCA5726A046E8F2E0B2541702FFDD621A0AA74A9334B3752B0560803F0A6B687C5FA088ED90600D996533B5C1919', 6, 29.47),
(48, 'beguda', 'Tabnioner', 'Non facere quibusdam. Omnis labore!', x'AD09F184027B6EBA193E65C71B9143FC24A624B8A65C16505FDE8BC4A981B33A27CA300C3D78852B05B9B64CAC083C3A25FDC9D7934B60BE5D930168A557CDA06868AC9388AEBC042EAE0CF7926200736AB991CDFFA8E3F63F63D0FD1B69C0188307DBD73209603980FCC9152969ADC9D331390266BC14057E10D051E7F5B9ADC02FE2BAD92C0A3C659A39E6D74108FC23EB048D5C7C326D33334B01438156', 30, 27.54),
(49, 'hamburguesa', 'Monoholdphone', 'Dolor quisquam eum. Placeat.\r\n', x'5696CAABBDF2933A05D9D71883917502694E8700A65F84C6115077043965335495C5B26109418AB077503699D7C3F9920F787200EFDB6D4D575EDD7A087D71DADB2E4DBC12EA8F0901C3', 12, 18.22),
(50, 'pizza', 'Biculphone', 'Incidunt ut quia. Nihil porro iste.', x'05EBD3EB8BA5C5DB5387230FD0E840A29A82F31FC440274C2E8E31F8A00AA0734E44AD2305BC66FFD81104CF87E31CAD6BC9205BCD3E2809146607906A081934984B09D99A52F33E15D716302A5DCC', 2, 22.86);

--
-- Inserting data into table botiga
--
INSERT INTO botiga(botiga_id, adreca, codi_postal, localitat_id, provincia_id) VALUES
(1, '2 Celtic Farm Way, Stoke-on-Trent, Moray B1 7TV', '94630', 29, 32),
(2, '23 Greatdown Road, Putney, Ross NG7 4RB', '11450', 24, 23),
(3, '5 Westminster Road, Wolverhampton, Essex PR4 2JE', '08242', 26, 41),
(4, '3-9 Elgin Avenue, Rhyl, Staffordshire WC1 9PR', '34958', 2, 21),
(5, '3-9 Huron Road, Littleborough, Fife S9 7HP', '76703', 13, 32),
(6, '6 Charlton Road, Nottingham, Kinross-shire GL8 6RD', '49273', 9, 49),
(7, '55-27 Henderson Road, Blantyre, Staffordshire H7 1SY', '43735', 31, 18),
(8, '4-7 Harper Road, Abergavenny, Kinross-shire TD99 3HF', '77578', 50, 40),
(9, '3-6 Scarborough Road, Nottingham, Dunbartonshire TA3 8YF', '43438', 6, 3),
(10, '14-16 Poppy Close, Brighton, Isle of Wight WD7 6HV', '96139', 46, 22),
(11, '88 A-B Maplin Harrow, Buntingford, Ayrshire LA80 2PW', '99399', 33, 28),
(12, '12-29 Admiral Seymore Road, Reading, West Midlands LL5 1SP', '74840', 40, 1),
(13, '4 A-E Stanhope Road, Aberdare, Dumfriesshire TW1 6HW', '53842', 19, 44),
(14, '6 Berkeley Avenue, Willesden, Derbyshire SS9 8NQ', '78879', 44, 6),
(15, '9D Abbey Street, Dudley, Derbyshire SS3 4AT', '87968', 14, 31),
(16, '65 Robin Hood Way, Waterloo, Argyll BT1 3HU', '48619', 25, 47),
(17, '5 Bedfont Lane, Stockport, Humberside NN4 7YR', '54770', 20, 50),
(18, '6 Atlantic Road, Deeside, Dyfed BD2 9PE', '93604', 36, 42),
(19, '9 Broadwalk, Lee-on-Solent, Tyrone M6 5SY', '07975', 16, 48),
(20, '2 Elfwine Road, Great Yarmouth, Cornwall EN4 7AW', '09304', 16, 11),
(21, '5-8 Bective Road, Cambridge, Kirkcudbrightshire PR90 5YS', '98944', 4, 34),
(22, '822 A-E Boundary Road, Aberaeron, Derbyshire SS17 4WZ', '34891', 29, 24),
(23, '1 Albemarle Street, Blackburn, Fermanagh SA4 6JH', '50500', 33, 6),
(24, '3-8 George Court, Abbey Wood, Antrim TA37 3JT', '70957', 10, 8),
(25, '3 Bude Close, Birmingham, Kirkcudbrightshire SP8 7FT', '20928', 30, 16),
(26, '9 Sidney Place, Fochabers, Leicestershire TN1 3BJ', '64117', 38, 18),
(27, '31 Meath Crescent, Lewes, Argyll SK56 6NJ', '96600', 34, 11),
(28, '53-28 Carlton Road, Ambleside, Dorset EH58 7SG', '24021', 9, 22),
(29, '29 York Street, New Cross, Shropshire DH4 9VB', '47090', 13, 40),
(30, '3-8 Great George Street, Aberdeen, Middlesex DY4 9TY', '65214', 7, 38),
(31, '3-6 Hannover Place, Preston, Wigtownshire MK6 9ET', '81150', 23, 33),
(32, '2 A-C Abbeville Road, Peterborough, Northumberland RG55 5YE', '06633', 30, 24),
(33, '5 Assembly Walk, Stockport, Lanarkshire NP8 3JJ', '20864', 25, 8),
(34, '12-17 Mexfield Road, Abergavenny, Ross SO5 7DG', '78189', 46, 2),
(35, '1-6 Berne Road, Southampton, Essex KA1 3AU', '45434', 41, 49),
(36, '4 Abbotsbury Road, Liverpool, Bedfordshire BB84 7YG', '23342', 40, 45),
(37, '2-9 Theobalds Road, Mayfield, Perthshire KW4 4UG', '42393', 15, 4),
(38, '54-29 Chingford Road, Brighton, Bedfordshire H1 1WD', '32691', 22, 12),
(39, '7A Theobold''s Road, Portsmouth, Shetland IV7 7PA', '13392', 4, 49),
(40, '2 Upper John Street, Blackburn, Shropshire G34 7YQ', '18350', 3, 16),
(41, '31-57 Fairfield Way, Bolton, Cumberland ZE8 6WR', '14786', 23, 12),
(42, '9 A-D Little Portland Street, Prestwick, Wiltshire BT20 5XB', '54239', 29, 30),
(43, '53 Clarendon Road, Birmingham, Worcestershire WN40 2XD', '76688', 32, 24),
(44, '1-9 Amber Close, Ipswich, Caithness LD7 6TD', '22793', 22, 11),
(45, '5-7 Sackville Close, York, West Lothian WF61 1VA', '14554', 9, 37),
(46, '31-57 Fernwood Avenue, Steyning, Renfrewshire BB7 6QP', '81148', 34, 22),
(47, '3-9 Britten Street, Blackpool, Inverness-shire H9 1SZ', '16653', 32, 45),
(48, '9 Liberty Bridge Road, Sheffield, Down CR5 2YB', '29443', 6, 6),
(49, '8 South Hill Avenue, Irvine, Kent SM64 4ZF', '91946', 22, 46),
(50, '45-27 Falcon Road, Nethy Bridge, Perthshire SS9 8GQ', '68391', 29, 39);

--
-- Inserting data into table clients
--
INSERT INTO clients(client_id, nom, cognom1, cognom2, adreca, codi_postal, localitat_id, provincia_id, telefon) VALUES
(1, 'Craig', 'Hughes', 'Mclaurin', '4-7 Southwark Street', '01251', 3, 7, '+44 5237 88 3814'),
(2, 'Sean', 'Rand', 'Kirk', '4 A-B Great Smith Street', '27120', 23, 28, '+55 07 7385-3288'),
(3, 'Christie', 'Longo', 'Pepper', '43-26 Ewell Road', '96561', 18, 27, '+32 7 173 09 66'),
(4, 'Shemeka', 'Moses', 'Mclean', '9 Babmaes Street', '23679', 42, 45, '+49 (2808) 948240'),
(5, 'Leslie', 'Hughey', 'Mcclelland', '3-8 Cedar Close', '15656', 20, 1, '+1 433-736-2453'),
(6, 'Steve', 'Randall', 'Perales', '21-59 Burns Close', '35715', 46, 28, '+33 2 37 28 19 39'),
(7, 'Erasmo', 'Weaver', 'Mclemore', '9 Silver Street', '75530', 30, 21, '+380 74 313-987-4'),
(8, 'Edwin', 'Bain', 'Bronson', '2-6 Albion Road', '58469', 18, 23, '+380 63 965-610-0'),
(9, 'Moses', 'Longoria', 'Kirkland', '5-6 Newport Place', '90983', 19, 42, '+49 0882 847747'),
(10, 'Clement', 'Cade', 'Valle', '5 Lillie Road', '29888', 47, 11, '+971 2 777 6318'),
(11, 'Candace', 'Gilchrist', 'Peralta', '1-8 Ropemaker Street', '71040', 39, 4, '+380 63 014-190-4'),
(12, 'Allen', 'Baines', 'Shelley', '8A Argyle Square', '52912', 3, 37, '+49 6071 150628'),
(13, 'Kelley', 'Dobson', 'Vallejo', '4 Crucifix Lane', '37056', 27, 8, '+55 73 6491-8507'),
(14, 'Terrie', 'Hull', 'Mclendon', '63 A-D Martello Street', '67228', 11, 21, '+44 072 791 2165'),
(15, 'Porter', 'Solomon', 'Mcclendon', '34-58 Marlow Road', '83062', 10, 42, '+971 2 686 1459'),
(16, 'Monet', 'Loomis', 'Perdue', '24-59 Rutland Road', '72252', 19, 3, '+49 (5387) 436547'),
(17, 'Geraldo', 'Webber', 'Gracia', '2 A-B Radcliffe Square', '39805', 2, 5, '+52 28 6506 5321'),
(18, 'Dallas', 'Giles', 'Dugger', '12 Abbotsbury Road', '83308', 34, 24, '+49 (2054) 831577'),
(19, 'Jacob', 'Hulsey', 'Mcleod', '3 Bellamy Road', '34002', 29, 33, '+33 9 88 57 36 38'),
(20, 'Barb', 'Mosher', 'Grady', '32-46 Terminus Place', '80652', 24, 33, '+55 39 8930-7228'),
(21, 'Abigail', 'Cagle', 'Duke', '4-6 Elliott Road', '16433', 14, 4, '+33 7 83 08 61 80'),
(22, 'Shan', 'Bair', 'Graf', '5-7 York Way', '24242', 10, 32, '+32 0 246 90 56'),
(23, 'Leta', 'Cahill', 'Shelton', '3C Alander Mews', '11456', 33, 22, '+44 4600 57 2735'),
(24, 'Korey', 'Randle', 'Pereira', '1-6 Pendennis Road', '02053', 12, 23, '+32 3 654 77 79'),
(25, 'Amiee', 'Dockery', 'Mcmahan', '5 University Street', '66975', 15, 47, '+971 7 911 7573'),
(26, 'Lucy', 'Looney', 'Kirkpatrick', '3 Abbey Lane', '29949', 34, 13, '+55 12 8715-3197'),
(27, 'Arron', 'Humes', 'Valles', '9 Lisson Grove', '23392', 32, 41, '+44 2764 22 2040'),
(28, 'Dominga', 'Somers', 'Perez', '9 Westmoreland Place', '90570', 20, 40, '+55 19 1007-7682'),
(29, 'Dylan', 'Mosier', 'Mcmahon', '4 A-C Brecknock Road', '42735', 34, 37, '+49 9304 138195'),
(30, 'Johnie', 'Baird', 'Perkins', '26 Maltby Street', '60783', 36, 47, '+420 736 715 901'),
(31, 'Adelaide', 'Loper', 'Shepard', '3-7 Kennington Park Place', '59860', 5, 13, '+49 (9861) 306999'),
(32, 'Emile', 'Hummel', 'Ambrose', '8 St Margarets Road', '26193', 16, 46, '+420 059 035 692'),
(33, 'Adam', 'Lopes', 'Mcmanus', '9 A-E Wharfedale Street', '83581', 8, 19, '+44 9474 375355'),
(34, 'Sanjuanita', 'Cain', 'Mcclintock', '7 Emerald Square', '60750', 44, 28, '+49 3769 791537'),
(35, 'Hellen', 'Randolph', 'Van', '7 Rosebank Grove', '00060', 10, 19, '+971 7 516 3721'),
(36, 'Ralph', 'Baker', 'Kirkwood', '5 Abbey Lane', '44110', 22, 19, '+44 5021 636260'),
(37, 'Rogelio', 'Mosley', 'Shephard', '4 A-C Addington Street', '63119', 1, 4, '+52 42 5299 3012'),
(38, 'Adolfo', 'Raney', 'Brooks', '5 Hampstead Road', '69326', 41, 20, '+52 60 5532 5440'),
(39, 'Alan', 'Weber', 'Vanburen', '53-37 Graham Street', '28581', 13, 43, '+420 971 168 463'),
(40, 'Hyman', 'Humphrey', 'Shepherd', '5A Amersham Road', '73260', 41, 1, '+49 5789 890964'),
(41, 'Jared', 'Calabrese', 'Mccloskey', '3-9 Crawford Place', '23972', 5, 20, '+420 026 481 321'),
(42, 'Lavern', 'Gill', 'Kiser', '2-8 All Souls Avenue', '34919', 30, 17, '+55 48 7601-4329'),
(43, 'Xavier', 'Balderas', 'Vance', '4-7 Porlock Avenue', '42078', 3, 12, '+1 251-595-9702'),
(44, 'Franklin', 'Moss', 'Ames', '77 Lupus Street', '01487', 44, 15, '+33 9 98 14 26 53'),
(45, 'Riley', 'Sommer', 'Perreault', '2 Warburton Street', '53430', 4, 4, '+971 6 922 8602'),
(46, 'Rudolf', 'Webster', 'Mccloud', '9 A-D Bishop''s Bridge Road', '08296', 25, 47, '+380 25 277-310-8'),
(47, 'Coreen', 'Rangel', 'Dukes', '3 Blenheim Crescent', '73524', 34, 8, '+55 10 6951-3701'),
(48, 'Lindsey', 'Dodd', 'Mcmaster', '1C Hawley Street', '42211', 36, 48, '+49-1882-350859'),
(49, 'Gia', 'Gillen', 'Sheppard', '9B City Road', '64742', 43, 2, '+44 478 231 2705'),
(50, 'Ben', 'Sommers', 'Perrin', '2 Kynaston Avenue', '69748', 24, 17, '+49-6202-825125');

--
-- Inserting data into table empleats
--
INSERT INTO empleats(empleat_id, treballa_botiga_id, nom, cognom1, cognom2, nif, telefon, carrec) VALUES
(1, 18, 'Antoine', 'Vanwinkle', 'Etheridge', '68387-096-22', '(665) 635-8990', 'cuiner'),
(2, 32, 'Edythe', 'Shin', 'Shockley', '53171-449-92', '(402) 687-8343', 'repartidor'),
(3, 37, 'Albert', 'Hutcherson', 'Vaught', '57080-644-13', '(704) 051-8616', 'repartidor'),
(4, 21, 'Lanette', 'Lowry', 'Shoemaker', '83294-096-88', '(173) 157-8164', 'repartidor'),
(5, 3, 'Lean', 'Armenta', 'Kiefer', '89261-3711-5', '(190) 516-7684', 'repartidor'),
(6, 17, 'Darla', 'Hutcheson', 'Vazquez', '1789-4416-28', '(158) 371-9475', 'repartidor'),
(7, 43, 'Alfreda', 'Mchugh', 'Prince', '31153-6340-1', '(684) 339-1442', 'cuiner'),
(8, 7, 'Adrienne', 'Pederson', 'Mireles', '61584-7893-1', '(616) 906-7250', 'repartidor'),
(9, 11, 'Karma', 'Mcinnis', 'Pringle', '16519-3365-8', '(999) 421-0234', 'repartidor'),
(10, 12, 'Julian', 'Varela', 'Shook', '06712-290-12', '(549) 620-1026', 'cuiner'),
(11, 21, 'Huey', 'Loy', 'Vega', '67238-716-56', '(118) 175-9049', 'cuiner'),
(12, 18, 'Ezequiel', 'Duke', 'Browder', '4304-3622-61', '(193) 396-7062', 'repartidor'),
(13, 45, 'Kaley', 'Bumgarner', 'Hancock', '9069-9443-19', '(543) 500-4508', 'repartidor'),
(14, 9, 'Rosia', 'Graf', 'Andersen', '45286-7164-4', '(629) 588-4001', 'repartidor'),
(15, 39, 'Perry', 'Dukes', 'Mcarthur', '5399-7952-92', '(769) 151-0949', 'cuiner'),
(16, 50, 'Stuart', 'Hutchings', 'Kilgore', '52297-6287-7', '(509) 729-5072', 'cuiner'),
(17, 42, 'Adela', 'Graff', 'Mitchell', '3045-1649-99', '(302) 520-9589', 'repartidor'),
(18, 22, 'Daryl', 'Shinn', 'Pritchard', '3671-8747-06', '(536) 050-3682', 'repartidor'),
(19, 41, 'Franklin', 'Armijo', 'Mcbee', '8375-6546-00', '(438) 261-8879', 'cuiner'),
(20, 27, 'Adah', 'Loyd', 'Killian', '0951-5178-71', '(463) 536-2094', 'repartidor'),
(21, 17, 'Adelaida', 'Dumas', 'Eubanks', '8601-2352-63', '(599) 507-3664', 'repartidor'),
(22, 14, 'Gena', 'Graham', 'Mixon', '79637-136-47', '(468) 069-6868', 'repartidor'),
(23, 16, 'Dwain', 'Peebles', 'Hand', '86151-614-38', '(680) 759-4557', 'repartidor'),
(24, 14, 'Jacelyn', 'Bunch', 'Brower', '28264-064-02', '(766) 528-1543', 'repartidor'),
(25, 24, 'Clementina', 'Mcintire', 'Anderson', '26702-684-80', '(246) 622-9031', 'cuiner'),
(26, 24, 'Victorina', 'Vargas', 'Brown', '42904-496-69', '(531) 406-6121', 'repartidor'),
(27, 11, 'Andreas', 'Shipley', 'Andrade', '52949-3334-0', '(526) 503-1190', 'repartidor'),
(28, 46, 'Leigh', 'Hutchins', 'Mcbride', '9483-4721-89', '(179) 595-9609', 'repartidor'),
(29, 1, 'Florencio', 'Varner', 'Shore', '20590-8796-9', '(677) 205-6831', 'repartidor'),
(30, 31, 'Toshia', 'Peek', 'Evans', '81241-5772-8', '(128) 689-2879', 'repartidor'),
(31, 33, 'Raymundo', 'Shipman', 'Handley', '3188-9587-97', '(625) 325-2932', 'cuiner'),
(32, 12, 'Erick', 'Dunaway', 'Everett', '15841-320-68', '(297) 840-0210', 'repartidor'),
(33, 9, 'Sebastian', 'Varney', 'Pritchett', '45399-900-56', '(312) 489-9727', 'repartidor'),
(34, 20, 'Jewel', 'Lozano', 'Browne', '33508-3972-6', '(608) 792-1180', 'repartidor'),
(35, 30, 'Alla', 'Armstead', 'Handy', '65062-792-97', '(610) 582-2697', 'cuiner'),
(36, 8, 'Rex', 'Bundy', 'Mize', '94933-4548-4', '(597) 518-2503', 'repartidor'),
(37, 16, 'Eduardo', 'Armstrong', 'Everhart', '7658-6774-64', '(640) 752-1272', 'cuiner'),
(38, 24, 'Donnette', 'Hutchinson', 'Velasco', '6960-9035-12', '(191) 250-6656', 'cuiner'),
(39, 7, 'Hugo', 'Bunker', 'Kilpatrick', '20902-6204-2', '(270) 605-7275', 'cuiner'),
(40, 26, 'Mary', 'Shipp', 'Hanes', '02330-221-98', '(753) 185-1062', 'cuiner'),
(41, 18, 'Renata', 'Granados', 'Mccabe', '4609-1664-44', '(289) 117-5697', 'repartidor'),
(42, 38, 'Abdul', 'Arndt', 'Proctor', '5489-1246-60', '(948) 616-2066', 'cuiner'),
(43, 33, 'Roxann', 'Dunbar', 'Shores', '29896-487-58', '(504) 454-4782', 'cuiner'),
(44, 24, 'Jaimee', 'Lucas', 'Kim', '79190-910-76', '(459) 831-8830', 'cuiner'),
(45, 36, 'Tina', 'Vasquez', 'Evers', '5150-8131-56', '(723) 347-2602', 'repartidor'),
(46, 19, 'Moses', 'Shirley', 'Andre', '18753-257-26', '(483) 069-8254', 'repartidor'),
(47, 41, 'Rosalee', 'Mcintosh', 'Mccaffrey', '3858-1701-27', '(333) 996-7851', 'repartidor'),
(48, 20, 'Adan', 'Peel', 'Velasquez', '77497-1736-2', '(934) 066-0638', 'repartidor'),
(49, 18, 'Dallas', 'Granger', 'Haney', '1075-0298-99', '(185) 557-2294', 'repartidor'),
(50, 23, 'Oma', 'Hutchison', 'Mobley', '4670-3225-69', '(468) 845-2309', 'repartidor');

--
-- Inserting data into table comandes_domicili
--
INSERT INTO comandes_domicili(comanda_domicili_id, repartidor_empleat_id, data_hora_lliurament) VALUES
(1, 44, '1970-01-01 01:51:14'),
(2, 29, '1970-01-01 00:00:18'),
(3, 4, '2016-02-01 21:54:16'),
(4, 8, '1970-10-28 15:53:24'),
(5, 23, '2002-12-18 22:47:45'),
(6, 10, '2003-01-04 18:05:44'),
(7, 44, '1970-01-01 00:00:44'),
(8, 6, '2002-01-09 21:30:21'),
(9, 42, '2014-10-21 07:37:51'),
(10, 16, '1975-11-02 18:54:56'),
(11, 27, '1970-01-01 00:06:24'),
(12, 6, '1970-01-01 00:07:38'),
(13, 38, '1996-12-29 21:35:30'),
(14, 29, '1970-01-01 00:07:56'),
(15, 5, '2014-11-24 13:23:16'),
(16, 43, '2010-03-03 01:35:48'),
(17, 40, '1973-11-13 04:29:33'),
(18, 4, '2007-09-16 08:41:10'),
(19, 42, '2001-09-04 23:56:57'),
(20, 43, '1983-01-09 03:41:07'),
(21, 5, '1970-01-01 00:00:05'),
(22, 14, '1970-01-01 00:09:46'),
(23, 1, '1970-01-01 00:00:09'),
(24, 1, '2012-10-05 09:41:30'),
(25, 37, '1970-01-01 00:15:51'),
(26, 33, '1991-01-19 12:25:45'),
(27, 46, '1996-10-26 15:06:57'),
(28, 19, '2000-11-08 19:57:04'),
(29, 4, '1970-01-01 00:00:09'),
(30, 23, '2002-12-04 23:12:38'),
(31, 37, '1974-09-30 06:34:54'),
(32, 12, '1970-01-01 00:01:33'),
(33, 50, '1989-12-22 18:50:41'),
(34, 19, '2006-08-08 01:22:38'),
(35, 36, '1979-10-03 05:02:34'),
(36, 35, '1970-01-01 00:01:36'),
(37, 35, '1988-04-15 16:05:01'),
(38, 6, '1994-01-25 00:14:50'),
(39, 1, '1970-01-01 00:01:07'),
(40, 16, '2021-10-27 13:13:52'),
(41, 31, '1970-01-01 00:00:19'),
(42, 2, '1987-12-29 14:34:49'),
(43, 4, '1970-01-01 00:10:07'),
(44, 10, '1978-03-25 20:24:33'),
(45, 43, '2017-03-02 20:13:32'),
(46, 5, '1994-11-05 01:54:01'),
(47, 47, '2005-12-31 02:36:08'),
(48, 49, '1996-01-09 05:04:46'),
(49, 37, '2016-08-14 00:52:32'),
(50, 35, '1982-07-03 18:57:39');

--
-- Inserting data into table comandes
--
INSERT INTO comandes(comanda_id, client_id, data_hora, repartir_o_recollir, gestiona_botiga_id, preu_total, comandes_domicili_id) VALUES
(1, 35, '2016-07-10 05:16:48', 'recollir', 3, 17.04, NULL),
(2, 22, '1973-03-13 07:21:54', 'recollir', 13, 83.28, NULL),
(3, 43, '1985-12-23 03:37:22', 'repartir', 33, 52.48, 40),
(4, 6, '1970-01-01 00:00:03', 'repartir', 39, 69.76, 15),
(5, 2, '2011-01-16 21:48:39', 'recollir', 38, 114.91, NULL),
(6, 48, '2003-08-28 11:11:30', 'repartir', 28, 43.4, 3),
(7, 15, '2016-01-01 16:01:26', 'repartir', 28, 54.99, 39),
(8, 15, '1979-09-29 12:38:19', 'recollir', 46, 19.52, NULL),
(9, 1, '2017-10-30 09:03:58', 'recollir', 28, 92.99, NULL),
(10, 41, '1985-11-16 13:04:34', 'recollir', 21, 89.28, NULL),
(11, 25, '2014-03-15 14:38:13', 'repartir', 37, 103.03, 20),
(12, 25, '2013-11-01 07:34:57', 'recollir', 20, 72.37, NULL),
(13, 5, '1993-03-31 14:23:31', 'recollir', 12, 74.94, NULL),
(14, 2, '1982-06-20 03:32:42', 'recollir', 28, 63.24, NULL),
(15, 42, '2018-12-26 12:01:17', 'recollir', 20, 110.32, NULL),
(16, 23, '2010-06-11 02:15:18', 'recollir', 7, 86.07, NULL),
(17, 39, '2004-08-19 11:23:17', 'recollir', 23, 58.18, NULL),
(18, 2, '2004-04-08 09:11:18', 'recollir', 4, 103.06, NULL),
(19, 25, '1990-04-04 16:50:15', 'repartir', 23, 48.6, 28),
(20, 29, '1970-01-01 01:37:15', 'recollir', 2, 86.23, NULL),
(21, 42, '2020-11-08 15:22:21', 'recollir', 28, 95.88, NULL),
(22, 13, '2002-11-18 15:31:27', 'recollir', 48, 101.51, NULL),
(23, 38, '2000-11-04 06:04:08', 'repartir', 32, 92.4, 31),
(24, 8, '1970-01-01 00:00:04', 'repartir', 7, 102.68, 20),
(25, 22, '1970-01-01 00:05:48', 'recollir', 28, 44.27, NULL),
(26, 45, '2021-01-12 10:12:31', 'repartir', 43, 42.91, 7),
(27, 45, '2018-08-04 16:19:49', 'repartir', 30, 51.78, 17),
(28, 45, '1970-01-01 00:01:12', 'repartir', 28, 42.83, 42),
(29, 37, '2014-09-02 22:02:24', 'recollir', 40, 101.74, NULL),
(30, 46, '1974-01-11 09:13:10', 'recollir', 30, 118.05, NULL),
(31, 42, '1970-01-01 00:00:11', 'recollir', 28, 113.37, NULL),
(32, 39, '1987-01-03 08:43:34', 'recollir', 5, 35.5, NULL),
(33, 9, '2007-01-10 21:21:52', 'repartir', 36, 24.31, 27),
(34, 39, '1993-07-23 18:16:49', 'repartir', 18, 49.04, 36),
(35, 26, '1970-01-01 00:10:48', 'recollir', 17, 27.09, NULL),
(36, 39, '1970-01-01 00:00:05', 'repartir', 9, 54.35, 46),
(37, 49, '1979-07-20 07:06:23', 'recollir', 26, 46, NULL),
(38, 40, '1981-02-19 13:07:00', 'recollir', 5, 84.39, NULL),
(39, 46, '2015-12-12 08:44:43', 'recollir', 31, 117.41, NULL),
(40, 42, '1970-01-01 00:00:26', 'recollir', 45, 91.48, NULL),
(41, 49, '1994-09-03 17:51:34', 'recollir', 15, 39.84, NULL),
(42, 41, '1970-01-01 00:24:42', 'repartir', 20, 19.97, 17),
(43, 36, '2019-08-03 14:07:56', 'recollir', 49, 79.65, NULL),
(44, 24, '1970-01-01 00:01:28', 'recollir', 26, 115.55, NULL),
(45, 34, '2014-05-13 07:08:09', 'repartir', 50, 62.13, 38),
(46, 16, '1984-05-01 01:44:52', 'recollir', 2, 116.28, NULL),
(47, 15, '2009-07-14 00:31:37', 'recollir', 34, 30.03, NULL),
(48, 5, '1985-05-06 21:32:08', 'recollir', 34, 94.06, NULL),
(49, 36, '2006-09-29 15:01:26', 'repartir', 45, 62.45, 43),
(50, 16, '1979-08-25 10:10:47', 'recollir', 42, 23.91, NULL);

--
-- Inserting data into table comanda_items
--
INSERT INTO comanda_items(comanda_id, producte_id, cuantitat) VALUES
(47, 47, 63),
(9, 9, 61),
(18, 18, 204),
(4, 4, 214),
(28, 28, 130),
(50, 50, 137),
(45, 45, 254),
(48, 48, 197),
(46, 46, 104),
(23, 23, 186),
(13, 13, 67),
(19, 19, 216),
(42, 42, 194),
(14, 14, 174),
(20, 20, 25),
(49, 49, 60),
(15, 15, 186),
(37, 37, 66),
(43, 43, 11),
(21, 21, 108),
(29, 29, 189),
(38, 38, 8),
(10, 10, 122),
(16, 16, 197),
(5, 5, 202),
(11, 11, 68),
(24, 24, 197),
(30, 30, 219),
(25, 25, 127),
(22, 22, 185),
(44, 44, 150),
(6, 6, 234),
(31, 31, 28),
(39, 39, 245),
(26, 26, 57),
(32, 32, 36),
(17, 17, 12),
(12, 12, 231),
(1, 1, 3),
(34, 34, 217),
(40, 40, 9),
(27, 27, 187),
(33, 33, 110),
(7, 7, 79),
(35, 35, 223),
(41, 41, 4),
(36, 36, 76),
(2, 2, 131),
(8, 8, 4),
(3, 3, 95);

SET FOREIGN_KEY_CHECKS=@OLD_FOREIGN_KEY_CHECKS;